Date,Close,High,Low,Open,Volume
2010-06-29,23.89,25.0,17.54,19.0,18783276
2010-06-30,23.83,30.4192,23.3,25.96,17194394
2010-07-01,21.96,25.92,20.27,25.0,8216789
2010-07-02,19.2,23.1,18.71,23.0,5135795
2010-07-05,19.2,19.2,19.2,19.2,0
2010-07-06,16.11,20.0,15.83,20.0,6852634
2010-07-07,15.8,16.63,14.98,16.4,6924914
2010-07-08,17.46,17.52,15.57,16.14,7710937
2010-07-09,17.4,17.9,16.55,17.58,4048536
2010-07-12,17.05,18.07,17.0,17.95,2198722
2010-07-13,18.14,18.64,16.9,17.55,2680060
2010-07-14,19.84,20.15,17.7601,17.94,4193209
2010-07-15,19.89,21.5,19.0,19.94,3740126
2010-07-16,20.64,21.3,20.05,20.7,2620110
2010-07-19,21.91,22.25,20.92,21.35,2486489
2010-07-20,20.3,21.85,20.05,21.85,1824154
2010-07-21,20.22,20.9,19.5,20.66,1251292
2010-07-22,21.0,21.25,20.37,20.5,962345
2010-07-23,21.29,21.56,21.06,21.19,653549
2010-07-26,20.95,21.5,20.3,21.5,922178
2010-07-27,20.55,21.18,20.26,20.91,619675
2010-07-28,20.72,20.9,20.51,20.55,467183
2010-07-29,20.35,20.88,20.0,20.77,615910
2010-07-30,19.94,20.44,19.55,20.2,426830
2010-08-02,20.92,20.97,20.333,20.38,718245
2010-08-03,21.95,21.95,20.82,21.0,1230349
2010-08-04,21.26,22.18,20.85,21.95,912526
2010-08-05,20.45,21.55,20.05,21.54,796380
2010-08-06,19.59,20.1601,19.52,20.1,741838
2010-08-09,19.6,19.98,19.45,19.9,812656
2010-08-10,19.03,19.65,18.82,19.65,1281286
2010-08-11,17.9,18.88,17.85,18.69,797650
2010-08-12,17.6,17.9,17.39,17.8,690241
2010-08-13,18.32,18.45,17.6604,18.18,633871
2010-08-16,18.78,18.8,18.2616,18.49,473437
2010-08-17,19.15,19.4,18.78,18.96,447881
2010-08-18,18.77,19.59,18.6,19.59,599532
2010-08-19,18.79,19.25,18.33,18.54,579082
2010-08-20,19.1,19.11,18.5101,18.65,295144
2010-08-23,20.13,20.3891,19.0,19.09,1088029
2010-08-24,19.2,19.71,18.95,19.31,672974
2010-08-25,19.9,19.98,18.56,19.16,503289
2010-08-26,19.75,20.27,19.6,19.89,433286
2010-08-27,19.7,19.865,19.5,19.75,379542
2010-08-30,19.87,20.19,19.61,19.7,732631
2010-08-31,19.48,19.79,19.33,19.66,201012
2010-09-01,20.45,20.69,19.6,19.62,494885
2010-09-02,21.06,21.24,20.3103,20.37,487060
2010-09-03,21.05,21.3,20.66,20.87,434756
2010-09-06,21.05,21.05,21.05,21.05,0
2010-09-07,20.54,21.0,20.5,20.61,243335
2010-09-08,20.9,20.95,20.6,20.66,288382
2010-09-09,20.71,21.05,20.69,21.0,376197
2010-09-10,20.17,20.93,19.76,20.75,386571
2010-09-13,20.72,20.8995,20.5,20.89,360703
2010-09-14,21.12,21.6,20.53,20.54,639396
2010-09-15,21.98,22.0,20.79,20.98,684758
2010-09-16,20.94,23.16,20.84,22.02,2684080
2010-09-17,20.23,21.32,19.8,21.02,1198458
2010-09-20,21.055,21.35,20.16,20.67,947475
2010-09-21,20.77,21.55,20.67,20.89,796000
2010-09-22,19.87,20.95,19.8,20.87,962816
2010-09-23,19.56,20.14,19.5,19.89,668076
2010-09-24,20.1,20.19,19.65,19.95,578987
2010-09-27,20.53,20.81,20.05,20.4,418597
2010-09-28,21.4,21.49,20.76,21.04,1214465
2010-09-29,21.98,22.03,21.13,21.19,1968897
2010-09-30,20.405,22.1499,20.19,22.0,1814134
2010-10-01,20.6,20.75,20.31,20.69,599071
2010-10-04,20.99,21.17,20.3,20.43,643599
2010-10-05,21.12,21.28,21.01,21.15,331936
2010-10-06,20.46,21.258,20.32,21.06,313552
2010-10-07,20.43,20.64,20.34,20.57,141020
2010-10-08,20.43,20.79,20.39,20.43,268110
2010-10-11,20.24,20.699,20.07,20.44,171194
2010-10-12,20.24,20.2829,20.03,20.2,243912
2010-10-13,20.54,20.85,20.36,20.64,320541
2010-10-14,20.75,21.0299,20.4,21.0,294620
2010-10-15,20.54,20.9,20.25,20.89,284840
2010-10-18,20.23,20.6399,20.22,20.52,162729
2010-10-19,20.05,20.4061,20.0,20.2,245127
2010-10-20,20.65,20.69,20.04,20.16,312444
2010-10-21,20.75,20.95,20.45,20.61,417999
2010-10-22,20.72,20.93,20.55,20.68,161021
2010-10-25,20.85,20.98,20.73,20.94,118614
2010-10-26,21.36,21.87,20.51,20.8,660841
2010-10-27,21.0,21.38,20.65,21.25,356500
2010-10-28,21.19,21.5,20.96,21.39,224190
2010-10-29,21.84,21.85,21.052,21.14,280682
2010-11-01,21.41,22.75,21.31,21.94,455784
2010-11-02,21.25,21.8792,21.05,21.68,322465
2010-11-03,21.77,22.5,21.16,21.28,374199
2010-11-04,24.9,25.33,22.151,22.6,1873358
2010-11-05,24.44,24.97,23.72,24.87,1010945
2010-11-08,24.98,25.0,24.03,24.5,509475
2010-11-09,24.63,25.69,24.0501,25.0,957749
2010-11-10,29.36,29.97,24.05,24.48,3061038
2010-11-11,28.035,29.1,27.33,28.6,1945094
2010-11-12,29.84,30.5,28.07,28.25,2729169
2010-11-15,30.8,32.9395,30.22,30.22,2625133
2010-11-16,29.67,31.4,28.42,31.0,1347731
2010-11-17,29.49,30.75,28.61,29.99,750341
2010-11-18,29.89,30.74,28.9201,30.67,956248
2010-11-19,30.99,31.37,29.7,30.16,1150494
2010-11-22,33.4,33.45,31.5,31.57,1529972
2010-11-23,34.57,35.68,32.1901,33.29,1578070
2010-11-24,35.47,35.97,34.334,35.27,1424959
2010-11-25,35.47,35.47,35.47,35.47,0
2010-11-26,35.32,36.0,34.75,35.6,350554
2010-11-29,34.33,35.95,33.33,35.74,1145543
2010-11-30,35.33,35.33,33.41,33.71,2222958
2010-12-01,34.35,36.42,33.45,35.87,1299175
2010-12-02,32.35,34.2975,31.2,34.01,2006967
2010-12-03,31.49,32.25,30.87,32.01,1160460
2010-12-06,30.31,31.45,29.56,31.35,1274375
2010-12-07,31.56,32.4,30.05,30.49,1311548
2010-12-08,32.37,32.49,31.52,32.48,660980
2010-12-09,32.05,32.72,31.65,32.51,405983
2010-12-10,31.52,32.92,31.1301,32.05,429381
2010-12-13,30.55,31.77,30.4,31.64,410331
2010-12-14,28.53,30.3899,27.761,30.29,1766910
2010-12-15,29.6,29.97,28.53,28.67,742900
2010-12-16,30.81,30.91,29.6501,30.0,790070
2010-12-17,31.36,31.54,30.71,31.34,813817
2010-12-20,31.7,32.19,31.26,31.64,523320
2010-12-21,32.26,32.69,31.7101,31.8,777678
2010-12-22,32.63,32.86,31.7,32.25,833256
2010-12-23,30.09,32.48,29.92,31.26,1557125
2010-12-24,30.09,30.09,30.09,30.09,0
2010-12-27,25.549,28.58,25.06,28.0,9302329
2010-12-28,26.41,26.75,25.0,25.85,4056589
2010-12-29,27.73,28.01,26.5,27.03,3319430
2010-12-30,26.5,27.9,26.38,27.7,2041067
2010-12-31,26.63,27.25,26.5,26.57,1417847
2011-01-03,26.62,26.9999,25.9,26.84,1284084
2011-01-04,26.67,26.95,26.02,26.66,1189071
2011-01-05,26.83,26.9,26.19,26.48,1446869
2011-01-06,27.88,28.0,26.81,26.83,2061217
2011-01-07,28.24,28.58,27.9,28.0,2249540
2011-01-10,28.45,28.68,28.05,28.17,1342812
2011-01-11,26.96,28.71,26.92,28.59,1711355
2011-01-12,26.96,27.399,26.52,27.01,964722
2011-01-13,26.22,26.97,26.16,26.96,723522
2011-01-14,25.75,26.58,25.61,26.15,1192121
2011-01-17,25.75,26.58,25.61,26.15,0
2011-01-18,25.64,25.64,24.75,25.48,1623839
2011-01-19,24.03,25.47,23.75,25.27,2371514
2011-01-20,22.62,24.45,22.37,24.03,2279958
2011-01-21,23.04,23.59,22.71,23.12,1216941
2011-01-24,24.49,24.81,23.23,23.53,1645189
2011-01-25,24.68,24.89,24.02,24.65,1271557
2011-01-26,24.75,24.88,24.1,24.71,1079867
2011-01-27,24.92,25.08,24.53,24.74,895655
2011-01-28,24.01,24.88,23.75,24.88,1048811
2011-01-31,24.1,24.12,23.5,24.05,830214
2011-02-01,23.91,24.73,23.54,24.31,707791
2011-02-02,23.94,24.18,23.669,23.92,569472
2011-02-03,23.63,23.9,23.15,23.82,512067
2011-02-04,23.46,23.67,23.22,23.67,543917
2011-02-07,23.07,23.26,22.88,23.26,895011
2011-02-08,24.49,25.25,23.0,23.11,3505183
2011-02-09,23.21,24.18,22.79,24.13,2636262
2011-02-10,23.215,23.64,22.81,23.26,836020
2011-02-11,23.25,23.75,22.94,23.25,636602
2011-02-14,23.08,24.14,23.05,23.15,1283404
2011-02-15,22.84,23.17,22.56,23.01,960851
2011-02-16,24.73,24.97,23.0701,23.1,4115806
2011-02-17,23.6,25.49,23.55,24.63,2619942
2011-02-18,23.18,23.49,22.96,23.33,2370770
2011-02-21,23.18,23.49,22.96,23.33,0
2011-02-22,21.87,23.0,21.78,22.88,2064540
2011-02-23,21.83,22.5,21.11,22.18,1605708
2011-02-24,22.53,22.58,21.5,21.78,1055450
2011-02-25,23.61,23.85,22.69,22.81,1347257
2011-02-28,23.89,24.1,23.5,23.74,1051106
2011-03-01,23.94,24.32,23.7,24.0,1106350
2011-03-02,24.02,24.28,23.725,23.82,663294
2011-03-03,24.36,24.79,24.06,24.27,640140
2011-03-04,24.95,24.99,23.78,24.48,1580100
2011-03-07,24.94,25.4,24.7,24.93,2033531
2011-03-08,24.66,24.96,24.0,24.88,1399851
2011-03-09,24.72,24.99,24.27,24.42,924721
2011-03-10,24.01,24.49,23.73,24.44,1017047
2011-03-11,24.07,24.25,23.53,23.85,930794
2011-03-14,23.25,24.0,23.2,23.82,1165971
2011-03-15,22.95,22.96,21.8,22.2,1318869
2011-03-16,22.82,23.25,22.69,22.86,1169676
2011-03-17,22.81,23.43,22.64,23.24,922504
2011-03-18,22.96,23.19,22.51,23.19,687823
2011-03-21,22.73,23.05,22.54,23.05,411650
2011-03-22,22.19,22.86,22.0,22.73,582813
2011-03-23,22.21,22.27,21.77,22.11,422793
2011-03-24,22.33,22.38,21.98,22.14,462160
2011-03-25,22.75,23.0,22.4,22.43,567922
2011-03-28,23.25,23.5388,22.55,22.7,1058018
2011-03-29,23.92,24.0,23.21,23.3,755591
2011-03-30,23.71,24.49,23.01,24.11,1223177
2011-03-31,27.75,28.71,26.5,26.5,11522337
2011-04-01,26.66,28.18,26.57,27.73,2865087
2011-04-04,25.83,27.0,25.23,26.83,2609227
2011-04-05,26.7,27.0,25.69,25.9,3181727
2011-04-06,26.49,27.01,25.8,27.0,1288297
2011-04-07,27.24,27.94,26.4501,26.85,2810766
2011-04-08,26.49,27.6004,26.36,27.58,1946352
2011-04-11,25.27,26.53,25.02,26.53,1372200
2011-04-12,24.65,25.21,24.3,25.08,1357401
2011-04-13,24.93,25.69,24.81,25.13,1211444
2011-04-14,25.14,25.28,24.2,24.87,983382
2011-04-15,25.58,26.18,25.41,25.65,943451
2011-04-18,25.03,25.62,24.36,25.13,1033871
2011-04-19,25.16,25.26,24.65,25.0,548693
2011-04-20,25.75,26.09,25.3,25.7,837469
2011-04-21,26.74,26.98,25.5901,25.85,1386053
2011-04-22,26.74,26.98,25.5901,25.85,0
2011-04-25,26.39,26.73,25.97,26.7,800839
2011-04-26,26.93,27.25,26.31,26.39,1372343
2011-04-27,27.08,27.36,26.63,26.93,996901
2011-04-28,27.66,27.69,26.72,27.07,1644997
2011-04-29,27.6,27.87,27.42,27.69,726340
2011-05-02,27.45,27.8,27.06,27.6,784560
2011-05-03,26.87,27.39,26.5,27.38,913965
2011-05-04,26.69,27.0,25.75,26.78,1047169
2011-05-05,26.44,27.44,26.1701,27.2,1219449
2011-05-06,27.12,27.7,26.62,26.9,981606
2011-05-09,27.91,28.0,26.85,27.0,916303
2011-05-10,28.33,28.95,27.91,28.07,1535626
2011-05-11,27.07,28.2985,26.92,28.2,962965
2011-05-12,27.67,27.74,26.65,27.07,627740
2011-05-13,27.55,28.1891,27.3,28.0,661577
2011-05-16,26.6,27.99,26.55,27.99,755622
2011-05-17,25.96,27.0,25.72,27.0,1234156
2011-05-18,26.35,26.47,25.52,26.1,729407
2011-05-19,28.2,28.44,26.6,27.03,2655367
2011-05-20,27.97,28.28,27.35,28.26,842534
2011-05-23,26.82,27.62,26.62,27.62,863548
2011-05-24,26.72,27.5,26.6,27.02,613673
2011-05-25,28.98,29.01,26.17,26.9,4693811
2011-05-26,29.48,29.76,28.1,28.91,3336891
2011-05-27,29.55,29.67,28.82,29.4,1687069
2011-05-30,29.55,29.67,28.82,29.4,0
2011-05-31,30.14,30.28,29.55,29.69,3290522
2011-06-01,28.517,30.1,28.38,30.0,1530396
2011-06-02,28.76,29.32,28.51,28.52,986294
2011-06-03,30.13,31.5,29.5,29.95,6210209
2011-06-06,28.7,30.13,28.26,30.1,2331767
2011-06-07,28.37,29.39,28.26,28.94,1222099
2011-06-08,27.12,28.6,27.02,28.44,1696936
2011-06-09,27.62,28.1,27.1,27.43,1604220
2011-06-10,27.86,28.2991,27.35,27.52,1566532
2011-06-13,28.43,28.88,27.88,28.07,1713761
2011-06-14,28.6,29.7,28.52,28.54,1573310
2011-06-15,27.32,28.45,27.07,28.44,1346579
2011-06-16,26.5,28.0,25.74,27.67,1842124
2011-06-17,26.5,27.7,26.14,26.87,1713965
2011-06-20,26.01,26.46,25.5,26.29,1537709
2011-06-21,27.53,27.73,26.0,26.24,1496563
2011-06-22,27.21,28.25,27.1,27.53,1475533
2011-06-23,27.71,27.72,26.21,27.2,1169990
2011-06-24,27.565,27.97,27.26,27.64,3608858
2011-06-27,27.46,28.28,27.31,27.73,1809367
2011-06-28,28.11,28.25,27.67,27.79,889132
2011-06-29,28.29,29.09,28.07,28.5,1461708
2011-06-30,29.13,29.33,28.4,28.5,946654
2011-07-01,29.02,29.6,28.8,29.07,854839
2011-07-04,29.02,29.6,28.8,29.07,0
2011-07-05,29.14,29.52,28.71,29.02,995989
2011-07-06,28.96,29.14,28.55,29.14,926889
2011-07-07,29.73,30.0,29.01,29.14,1327821
2011-07-08,28.81,29.89,28.59,29.89,1240580
2011-07-11,28.35,28.53,28.0,28.4,975703
2011-07-12,28.17,29.09,28.0,28.37,1045406
2011-07-13,28.64,29.03,27.9,28.43,1065942
2011-07-14,27.61,28.96,27.25,28.53,1159131
2011-07-15,27.58,27.83,27.4,27.79,708954
2011-07-18,27.23,27.45,26.63,27.34,852317
2011-07-19,27.89,28.11,27.54,27.58,1026048
2011-07-20,28.69,30.44,27.8,28.0,3048394
2011-07-21,28.7,29.16,28.1,28.91,1012006
2011-07-22,29.29,29.54,28.5509,28.7,583868
2011-07-25,28.49,29.25,28.44,29.01,673491
2011-07-26,28.0,28.77,27.97,28.31,762932
2011-07-27,27.64,28.5,27.51,28.5,958403
2011-07-28,28.17,28.55,27.54,27.6,938729
2011-07-29,28.17,28.4,27.5,27.8,948127
2011-08-01,28.77,28.98,28.21,28.67,1164822
2011-08-02,27.34,29.2,27.27,28.69,1549320
2011-08-03,27.2,27.83,26.336,27.5,1801329
2011-08-04,24.75,26.89,24.67,26.51,3065596
2011-08-05,24.24,25.38,22.83,24.99,1964376
2011-08-08,23.64,24.44,23.1,23.1,2608572
2011-08-09,25.06,25.45,23.7,24.15,1333382
2011-08-10,23.82,25.44,23.63,25.44,1564147
2011-08-11,25.3,25.75,24.0,24.04,836484
2011-08-12,26.31,27.14,25.36,25.6,1009020
2011-08-15,26.23,26.75,25.93,26.62,738572
2011-08-16,26.1,26.54,25.83,26.13,537688
2011-08-17,25.83,26.65,25.51,26.39,643772
2011-08-18,24.26,25.15,23.47,25.0,1056152
2011-08-19,22.3,24.22,22.0,23.86,1375277
2011-08-22,21.95,23.8,21.68,23.11,986181
2011-08-23,22.96,23.11,21.5,21.93,868968
2011-08-24,23.87,23.93,22.83,23.1,684238
2011-08-25,23.11,23.87,22.9,23.87,680210
2011-08-26,23.73,23.95,22.07,22.71,761756
2011-08-29,24.71,24.85,24.02,24.22,803302
2011-08-30,24.63,24.77,24.09,24.5,366659
2011-08-31,24.74,25.5,24.28,24.8,823735
2011-09-01,24.0,24.87,23.835,24.66,848085
2011-09-02,23.07,23.99,22.68,23.45,770331
2011-09-05,23.07,23.99,22.68,23.45,0
2011-09-06,22.94,23.2,22.29,22.5,809760
2011-09-07,23.84,24.0,23.28,23.39,459186
2011-09-08,23.61,24.03,23.28,23.58,505696
2011-09-09,22.97,23.57,22.55,23.37,669263
2011-09-12,22.88,23.31,22.45,22.5,566571
2011-09-13,24.08,24.1,22.75,23.01,726461
2011-09-14,24.34,24.84,23.79,24.25,830777
2011-09-15,24.82,24.93,24.33,24.58,562512
2011-09-16,25.8,25.84,24.49,24.78,1417574
2011-09-19,25.77,25.81,23.82,24.95,1157349
2011-09-20,26.01,26.6,25.67,25.98,1180351
2011-09-21,25.85,26.95,25.7,25.95,987577
2011-09-22,25.63,26.11,24.88,25.15,776002
2011-09-23,26.38,26.62,25.35,25.49,1156328
2011-09-26,25.52,26.52,24.9,26.52,934715
2011-09-27,26.19,26.99,25.57,26.0,674429
2011-09-28,24.59,26.5,24.51,26.0,723206
2011-09-29,24.12,25.82,23.55,25.72,929545
2011-09-30,24.39,24.89,23.49,24.8,1336054
2011-10-03,23.73,25.0,23.25,24.95,1023130
2011-10-04,23.66,24.32,22.93,23.29,1200214
2011-10-05,25.37,25.835,23.35,24.03,1229414
2011-10-06,26.96,27.6,25.02,25.37,1769026
2011-10-07,26.99,27.6,26.05,26.98,1311548
2011-10-10,27.88,28.18,27.0,27.31,923416
2011-10-11,27.61,27.77,27.09,27.51,576003
2011-10-12,27.8,28.0,27.2,27.25,1123364
2011-10-13,27.94,28.47,27.44,27.63,1043813
2011-10-14,28.05,28.55,27.26,28.0,1400469
2011-10-17,27.42,28.0,27.2601,27.86,754439
2011-10-18,28.34,28.4275,26.71,27.3,999690
2011-10-19,27.57,28.06,27.3,28.02,792850
2011-10-20,27.34,27.47,27.0,27.44,999647
2011-10-21,28.03,28.3,27.01,27.4,1142550
2011-10-24,28.55,28.89,27.75,27.87,940550
2011-10-25,28.25,28.86,27.8,28.23,654371
2011-10-26,27.98,28.37,27.4,28.19,510479
2011-10-27,28.76,28.95,28.11,28.34,869335
2011-10-28,29.87,30.0,28.01,28.5,1264993
2011-10-31,29.37,29.51,28.75,29.5,1133969
2011-11-01,28.88,28.92,28.0,28.39,635775
2011-11-02,28.71,29.26,28.25,29.0,875521
2011-11-03,32.46,32.49,29.53,30.0,2510603
2011-11-04,32.31,32.4,30.51,31.46,3033107
2011-11-07,31.27,32.0,30.75,31.64,1266269
2011-11-08,31.84,32.0,30.72,31.37,1167830
2011-11-09,30.88,31.49,30.3,30.87,953656
2011-11-10,31.33,31.5,30.65,30.94,747273
2011-11-11,33.64,34.5,30.57,31.9,3875123
2011-11-14,33.22,33.54,32.62,33.0,1325656
2011-11-15,33.93,34.4,32.73,32.92,890905
2011-11-16,34.94,35.0,33.4029,33.48,1833136
2011-11-17,33.68,34.9,33.19,34.5,1349265
2011-11-18,32.6,34.11,32.54,33.64,902729
2011-11-21,31.76,32.44,31.05,32.44,1031524
2011-11-22,32.07,32.79,31.05,31.76,732518
2011-11-23,31.45,32.05,31.25,31.76,451813
2011-11-24,31.45,31.45,31.45,31.45,0
2011-11-25,31.66,32.41,31.08,31.55,239595
2011-11-28,32.56,33.28,31.81,32.0,681124
2011-11-29,31.75,33.07,31.63,32.49,591054
2011-11-30,32.74,32.93,32.22,32.5,760965
2011-12-01,32.6,33.99,31.98,32.57,1030108
2011-12-02,33.3,33.69,32.4,32.83,802718
2011-12-05,34.42,35.0,33.4301,33.53,1160050
2011-12-06,34.87,34.98,34.031,34.2,951810
2011-12-07,34.19,34.89,33.8,34.63,674244
2011-12-08,30.89,31.65,29.61,30.84,3305945
2011-12-09,31.04,31.12,30.28,30.54,1239444
2011-12-12,30.41,30.62,30.02,30.44,758657
2011-12-13,29.45,30.93,28.911,30.57,994015
2011-12-14,28.53,29.68,28.0,29.5,1163840
2011-12-15,28.62,29.17,28.12,28.86,700261
2011-12-16,28.0,28.93,27.98,28.79,1029605
2011-12-19,27.75,28.5,27.37,28.09,986952
2011-12-20,27.9,28.45,27.715,28.05,844381
2011-12-21,27.57,28.07,26.03,27.91,1705807
2011-12-22,27.77,28.05,27.3,27.6,1009802
2011-12-23,27.9,28.0,27.52,28.0,591390
2011-12-26,27.9,27.9,27.9,27.9,0
2011-12-27,28.57,28.77,27.64,27.66,777403
2011-12-28,28.51,29.2395,28.04,28.99,575138
2011-12-29,28.73,29.34,28.549,28.59,488150
2011-12-30,28.56,28.98,28.25,28.49,339860
2012-01-02,28.56,28.56,28.56,28.56,0
2012-01-03,28.08,29.5,27.65,28.94,928052
2012-01-04,27.71,28.67,27.5,28.21,630036
2012-01-05,27.12,27.93,26.85,27.76,1005432
2012-01-06,26.91,27.79,26.41,27.2,986287
2012-01-09,27.25,27.49,26.12,27.0,896951
2012-01-10,27.62,27.76,27.25,27.44,671732
2012-01-11,28.23,28.38,27.3,27.62,672239
2012-01-12,28.25,28.62,27.805,28.48,729300
2012-01-13,22.79,28.5,22.64,28.4,5506439
2012-01-16,22.79,22.79,22.79,22.79,0
2012-01-17,26.6,27.34,26.41,26.66,4652386
2012-01-18,26.81,26.88,26.25,26.69,1260183
2012-01-19,26.76,27.74,26.61,27.19,1246222
2012-01-20,26.6,27.0,26.4,26.9,662289
2012-01-23,26.77,27.21,26.6,26.81,594533
2012-01-24,27.42,27.68,26.4399,26.63,857914
2012-01-25,27.97,28.01,27.05,27.27,611112
2012-01-26,28.94,29.58,28.0,28.07,1271028
2012-01-27,29.33,29.72,28.5,28.5,748361
2012-01-30,29.57,29.61,28.529,29.49,728979
2012-01-31,29.07,30.0,28.87,29.9,956713
2012-02-01,29.58,29.7,29.0,29.07,523169
2012-02-02,30.25,30.88,29.605,29.72,805610
2012-02-03,31.15,31.33,30.25,30.41,764418
2012-02-06,31.8,31.9,31.05,31.1,652161
2012-02-07,31.6,31.8,30.82,31.8,1021503
2012-02-08,31.93,32.01,31.29,31.6,623626
2012-02-09,32.58,32.9,31.43,32.0,1277968
2012-02-10,31.1,32.2695,29.84,32.26,1874139
2012-02-13,31.49,32.06,30.9,31.55,1157858
2012-02-14,33.17,33.79,31.4,31.74,1811365
2012-02-15,33.6,34.41,32.27,33.1,2764476
2012-02-16,34.18,34.51,32.54,33.5,2219636
2012-02-17,34.97,34.97,33.5,33.99,1376645
2012-02-20,34.97,34.97,34.97,34.97,0
2012-02-21,34.5,34.87,33.81,34.87,1135788
2012-02-22,34.22,34.72,32.5,34.5,1654985
2012-02-23,34.53,34.97,33.56,33.99,820345
2012-02-24,33.75,34.52,33.27,34.23,959866
2012-02-27,33.62,34.0,33.0,33.41,605953
2012-02-28,33.81,34.44,33.17,33.64,612183
2012-02-29,33.41,34.12,33.14,33.81,535684
2012-03-01,34.41,34.5,33.305,33.51,703435
2012-03-02,34.04,34.5,33.71,34.4,549971
2012-03-05,33.77,34.4,33.46,34.35,466938
2012-03-06,33.11,33.28,32.62,33.25,573749
2012-03-07,33.12,33.315,32.9105,33.12,364831
2012-03-08,33.07,33.49,33.04,33.11,633267
2012-03-09,34.74,35.31,33.2,33.2,1553423
2012-03-12,36.01,36.29,34.6,34.69,1964520
2012-03-13,36.09,36.59,35.5,36.51,1001643
2012-03-14,35.29,36.0,34.8,36.0,851464
2012-03-15,35.0,35.48,34.78,35.28,571596
2012-03-16,35.32,35.89,34.83,34.9,729236
2012-03-19,34.98,35.32,34.54,35.26,1015586
2012-03-20,34.96,35.2,34.57,34.98,567001
2012-03-21,35.15,35.3,34.6,34.94,607103
2012-03-22,34.4,35.15,34.3,34.97,522352
2012-03-23,34.08,34.63,33.15,34.26,1170567
2012-03-26,37.4,38.09,35.0414,35.59,3140891
2012-03-27,37.94,39.95,37.03,37.16,2540053
2012-03-28,37.85,38.44,37.1104,37.78,954970
2012-03-29,37.33,38.19,37.03,38.19,796335
2012-03-30,37.24,37.94,36.68,37.52,886312
2012-04-02,36.58,37.97,36.53,37.33,1028504
2012-04-03,38.01,38.4696,36.67,36.7,1104150
2012-04-04,35.0,35.49,34.69,35.27,4482816
2012-04-05,34.48,35.44,34.41,35.1,1509378
2012-04-06,34.48,34.48,34.48,34.48,0
2012-04-09,33.15,34.29,33.1,34.1,1655805
2012-04-10,32.46,33.849,32.1,33.15,1847669
2012-04-11,33.09,33.29,32.01,33.24,1105447
2012-04-12,33.44,34.48,32.92,33.77,1034154
2012-04-13,33.59,34.04,32.85,33.94,649580
2012-04-16,32.25,33.7,32.09,33.41,1099751
2012-04-17,32.24,33.07,32.04,32.43,1115538
2012-04-18,32.66,32.75,31.53,32.09,823096
2012-04-19,33.16,33.43,32.5,32.75,774878
2012-04-20,33.16,33.7299,32.94,33.14,821774
2012-04-23,31.94,32.97,31.71,32.86,890715
2012-04-24,31.82,32.2,31.0,31.82,674467
2012-04-25,32.91,32.99,32.07,32.07,712133
2012-04-26,33.49,33.52,32.91,32.96,427619
2012-04-27,33.34,33.63,32.91,33.6,590205
2012-04-30,33.13,33.36,32.58,33.27,413948
2012-05-01,33.78,34.21,33.13,33.13,658947
2012-05-02,33.94,34.39,33.39,33.5,497251
2012-05-03,32.46,34.0,32.13,33.91,842107
2012-05-04,31.83,32.46,31.4,32.32,1247486
2012-05-07,32.47,32.58,31.61,31.96,1157969
2012-05-08,30.19,32.7281,29.37,32.5,3097180
2012-05-09,30.06,30.77,29.76,30.3,1947828
2012-05-10,32.96,34.68,32.4,32.55,5556301
2012-05-11,32.25,33.44,32.16,32.49,1221205
2012-05-14,30.06,32.13,30.05,31.92,1380842
2012-05-15,29.43,30.96,29.22,30.26,1585682
2012-05-16,29.18,30.18,28.88,29.58,1257193
2012-05-17,28.57,29.79,28.24,29.3,1149043
2012-05-18,27.56,28.46,26.83,28.37,1616487
2012-05-21,28.77,29.26,27.12,27.58,1475170
2012-05-22,30.79,31.34,30.0,30.1,2366170
2012-05-23,31.02,31.05,29.5,30.56,1220349
2012-05-24,30.32,31.25,29.69,31.25,1075520
2012-05-25,29.81,30.4076,29.2,30.16,757009
2012-05-28,29.81,29.81,29.81,29.81,0
2012-05-29,31.69,31.93,30.01,30.01,1649917
2012-05-30,30.41,31.42,30.24,31.42,1307141
2012-05-31,29.5,30.29,28.75,30.07,1118701
2012-06-01,28.15,29.16,27.76,28.53,885710
2012-06-04,27.88,28.41,27.11,28.03,1030834
2012-06-05,27.91,28.39,27.56,27.84,630885
2012-06-06,29.22,29.45,28.14,28.2,910508
2012-06-07,28.93,29.87,28.85,29.81,492015
2012-06-08,30.08,30.19,28.1475,28.86,881209
2012-06-11,29.12,31.0,28.9584,30.31,635947
2012-06-12,29.66,29.84,28.81,29.23,568994
2012-06-13,29.77,30.64,29.47,29.55,844371
2012-06-14,29.39,30.65,28.62,30.18,872161
2012-06-15,29.91,29.95,28.81,29.39,646737
2012-06-18,31.84,32.33,29.5,29.94,1256796
2012-06-19,32.09,32.6594,31.5,32.02,911029
2012-06-20,33.78,34.5,33.21,33.5,3422342
2012-06-21,32.19,34.28,31.84,34.26,1891895
2012-06-22,33.785,33.98,32.46,32.6,3047452
2012-06-25,33.11,34.12,32.75,33.94,1503186
2012-06-26,31.61,32.35,31.39,32.05,2613849
2012-06-27,31.96,32.445,31.57,31.9,1047194
2012-06-28,31.41,32.11,30.62,31.9,914040
2012-06-29,31.29,32.8,31.0,32.8,1125704
2012-07-02,30.4,31.7995,30.19,31.35,1315534
2012-07-03,30.66,31.0,30.4,30.6,947128
2012-07-04,30.66,30.66,30.66,30.66,0
2012-07-05,31.23,31.67,30.8,30.81,1253866
2012-07-06,30.99,31.73,30.8,30.99,784661
2012-07-09,31.49,31.83,30.67,30.94,910409
2012-07-10,31.27,32.48,30.89,31.54,758352
2012-07-11,31.51,31.68,31.01,31.57,638516
2012-07-12,32.7,33.01,30.8,31.29,1125670
2012-07-13,34.25,34.4,32.83,32.97,1304912
2012-07-16,35.96,36.0,33.9,34.32,1743908
2012-07-17,33.35,35.21,32.38,35.0,2569463
2012-07-18,32.15,33.67,31.06,31.44,2882084
2012-07-19,32.27,33.15,32.04,32.72,1435878
2012-07-20,31.79,32.25,31.25,32.07,1568466
2012-07-23,30.66,31.3,30.62,31.05,1386743
2012-07-24,29.84,31.04,29.62,30.66,1500676
2012-07-25,28.95,29.98,28.75,29.92,2844065
2012-07-26,28.13,30.0,27.64,29.9,2263005
2012-07-27,29.51,29.66,28.1,28.71,1672968
2012-07-30,27.35,30.248,27.21,29.51,2066040
2012-07-31,27.42,27.97,27.35,27.54,1575060
2012-08-01,26.25,27.99,26.03,27.99,1592217
2012-08-02,26.1,26.85,25.52,26.25,1305016
2012-08-03,27.27,27.55,26.74,26.9,1209470
2012-08-06,28.27,28.7,27.55,27.55,1528169
2012-08-07,30.25,30.9,28.5,28.77,2387304
2012-08-08,29.09,30.0,28.59,29.9,1308895
2012-08-09,29.41,30.0,29.1301,29.52,672584
2012-08-10,29.94,29.94,29.31,29.31,707390
2012-08-13,31.17,31.3,29.101,29.69,870050
2012-08-14,29.42,31.17,29.26,30.75,793336
2012-08-15,29.4,29.7,28.81,29.39,525385
2012-08-16,30.3,30.39,29.5,29.53,668973
2012-08-17,30.01,30.71,29.98,30.29,508121
2012-08-20,29.51,30.39,29.1,30.15,1179008
2012-08-21,29.11,30.0,29.0,29.58,761516
2012-08-22,29.95,30.04,29.01,29.01,775490
2012-08-23,30.73,30.85,29.65,30.0,1470974
2012-08-24,29.5,30.24,29.41,30.06,1430011
2012-08-27,28.32,29.7,28.17,29.57,1350325
2012-08-28,28.69,29.375,28.0,28.4,1402656
2012-08-29,28.41,28.64,28.02,28.49,838883
2012-08-30,28.41,28.74,28.1,28.6,656307
2012-08-31,28.52,28.84,28.2,28.61,539736
2012-09-03,28.52,28.52,28.52,28.52,0
2012-09-04,28.14,28.99,27.9,28.52,752496
2012-09-05,27.94,28.5,27.81,28.01,639227
2012-09-06,28.55,28.9,27.9,28.0,841643
2012-09-07,29.35,29.57,28.5,28.55,953151
2012-09-10,27.37,29.35,27.295,29.2,1484015
2012-09-11,27.8,28.16,27.4,27.76,1014871
2012-09-12,28.28,28.58,27.8,27.9,1145334
2012-09-13,29.48,29.5,28.48,28.57,1486359
2012-09-14,30.39,30.65,29.65,30.0,1536669
2012-09-17,32.54,32.78,31.51,32.35,3212991
2012-09-18,31.34,31.9,30.68,31.88,1788480
2012-09-19,31.05,31.74,30.94,31.0,1048457
2012-09-20,30.9,31.5,30.68,30.93,912372
2012-09-21,30.02,31.49,29.54,31.1,1870170
2012-09-24,30.66,31.03,29.4,29.51,1302004
2012-09-25,27.66,29.48,27.53,28.64,5684952
2012-09-26,27.54,28.4,27.48,27.66,1527320
2012-09-27,28.49,28.54,27.6,27.82,1758553
2012-09-28,29.28,29.89,28.61,28.7,4343338
2012-10-01,29.16,29.89,29.0,29.5,884305
2012-10-02,29.8,29.89,29.0,29.28,728969
2012-10-03,29.3,29.95,29.2401,29.75,1055288
2012-10-04,29.4,30.1,28.65,30.0,1541207
2012-10-05,28.89,29.81,28.68,29.7,938670
2012-10-08,29.25,29.4,28.611,28.86,890006
2012-10-09,28.37,29.12,28.25,29.12,1193479
2012-10-10,28.4,28.72,28.01,28.39,505063
2012-10-11,28.32,28.98,28.25,28.94,450571
2012-10-12,27.64,28.73,27.5,28.32,987535
2012-10-15,27.33,28.05,26.86,28.02,1469167
2012-10-16,28.06,28.09,27.34,27.67,479248
2012-10-17,28.8191,28.84,27.8,28.25,667963
2012-10-18,28.04,28.99,27.78,28.99,740947
2012-10-19,27.74,28.2,27.3,27.83,1027301
2012-10-22,27.85,28.0,27.36,27.99,470198
2012-10-23,28.39,28.56,27.3702,27.38,749273
2012-10-24,27.42,28.52,27.25,28.52,1016367
2012-10-25,27.52,27.8,27.45,27.8,577686
2012-10-26,27.38,27.8,27.02,27.53,477305
2012-10-29,27.38,27.38,27.38,27.38,0
2012-10-30,27.38,27.38,27.38,27.38,0
2012-10-31,28.1314,28.35,27.37,27.7,775142
2012-11-01,29.2454,29.49,28.2,28.25,1024054
2012-11-02,28.9182,29.55,28.55,29.27,1030265
2012-11-05,31.5,31.58,29.33,29.8,2049118
2012-11-06,31.15,31.2,29.95,30.61,2323943
2012-11-07,31.54,32.05,30.81,31.0,1715417
2012-11-08,31.31,31.88,30.94,31.01,1273986
2012-11-09,30.32,30.93,29.85,30.6,863028
2012-11-12,31.07,31.42,30.16,30.29,557651
2012-11-13,31.6143,32.0,30.72,31.29,998263
2012-11-14,31.38,32.12,31.204,31.96,871315
2012-11-15,30.82,31.44,30.5,31.3,983941
2012-11-16,31.8399,32.0,30.5901,31.15,908650
2012-11-19,32.92,33.25,31.84,32.07,1392548
2012-11-20,33.0,33.1,31.91,32.8,922427
2012-11-21,32.47,33.47,32.286,32.61,963133
2012-11-22,32.47,32.47,32.47,32.47,0
2012-11-23,32.13,32.83,31.7,32.6,430212
2012-11-26,32.27,32.3,31.62,32.1,496219
2012-11-27,32.15,32.66,31.52,32.13,910770
2012-11-28,33.23,34.29,31.91,32.0,1525299
2012-11-29,33.69,34.0,32.87,33.44,1103315
2012-11-30,33.82,34.28,33.01,33.63,1420284
2012-12-03,34.62,35.0,33.5,33.89,2085753
2012-12-04,33.9,34.8,33.55,34.08,1264211
2012-12-05,33.71,34.19,33.58,33.82,661486
2012-12-06,33.9,34.8,33.5,33.82,660397
2012-12-07,34.17,34.49,33.85,34.3,664586
2012-12-10,34.57,34.7999,34.18,34.43,929751
2012-12-11,35.28,35.5,34.46,34.6,1572591
2012-12-12,35.26,35.8,34.95,35.21,2063877
2012-12-13,33.61,35.3,32.75,35.26,2151224
2012-12-14,33.81,34.4,33.59,33.86,1022942
2012-12-17,34.4,34.5,33.75,33.77,824809
2012-12-18,34.59,35.07,34.26,34.26,1554436
2012-12-19,34.61,35.26,34.52,34.75,1298731
2012-12-20,34.43,34.7881,34.05,34.51,921194
2012-12-21,34.0,34.17,33.58,33.94,1492306
2012-12-24,34.28,34.35,33.55,33.64,375796
2012-12-25,34.28,34.28,34.28,34.28,0
2012-12-26,33.59,34.5,33.5,33.96,601784
2012-12-27,33.69,33.91,33.0,33.5,561085
2012-12-28,33.22,33.65,33.02,33.38,414135
2012-12-31,33.87,33.97,33.0,33.0,594846
2013-01-01,33.87,33.87,33.87,33.87,0
2013-01-02,35.36,35.4499,34.705,35.0,1194710
2013-01-03,34.77,35.45,34.75,35.18,741941
2013-01-04,34.4,34.8,33.92,34.8,673993
2013-01-07,34.34,34.8,33.9,34.8,441909
2013-01-08,33.68,34.5,33.11,34.5,1283985
2013-01-09,33.64,34.19,33.4,34.01,697979
2013-01-10,33.53,33.99,33.38,33.87,922405
2013-01-11,32.91,34.04,32.11,34.04,1563274
2013-01-14,33.26,33.38,32.85,33.08,925018
2013-01-15,33.9,34.25,33.08,33.11,1624389
2013-01-16,34.1,34.23,33.73,33.85,1378138
2013-01-17,34.38,34.85,33.92,34.16,1436604
2013-01-18,34.52,34.78,33.82,34.74,3555074
2013-01-21,34.52,34.52,34.52,34.52,0
2013-01-22,35.19,35.55,34.26,34.56,1920131
2013-01-23,36.0,36.24,34.96,35.02,1564206
2013-01-24,36.99,37.72,35.84,36.0,1970389
2013-01-25,36.98,37.54,36.8,37.0,1287703
2013-01-28,38.03,38.71,36.86,36.86,1985992
2013-01-29,37.95,38.44,37.13,38.02,1426503
2013-01-30,37.52,38.0,37.43,37.85,968098
2013-01-31,37.51,37.87,36.93,37.87,901318
2013-02-01,38.3,38.5,37.62,38.17,1100590
2013-02-04,37.74,38.42,37.59,38.4,1127989
2013-02-05,38.13,38.65,37.68,38.0,1310192
2013-02-06,39.17,39.39,37.9045,38.09,1893148
2013-02-07,39.48,39.68,38.95,39.19,1197521
2013-02-08,39.24,40.0,39.14,39.45,1139733
2013-02-11,38.42,39.15,37.5,37.98,3266248
2013-02-12,37.89,38.87,37.29,38.45,2261246
2013-02-13,38.45,39.0,38.05,38.3,967102
2013-02-14,38.3,38.75,38.21,38.64,990640
2013-02-15,37.04,38.51,36.95,38.5,2018269
2013-02-18,37.04,37.04,37.04,37.04,0
2013-02-19,39.28,39.29,37.31,37.36,2701340
2013-02-20,38.54,39.65,38.46,39.3,3121910
2013-02-21,35.16,37.39,34.54,36.49,9038212
2013-02-22,36.11,36.39,35.6,35.72,2547831
2013-02-25,34.38,36.75,34.34,36.15,2890772
2013-02-26,34.43,34.96,33.8,34.46,2763050
2013-02-27,35.1,35.41,34.4,34.41,1959129
2013-02-28,34.83,36.1,34.37,35.89,1964893
2013-03-01,34.65,35.08,34.25,35.0,1546600
2013-03-04,35.58,35.83,34.7,34.77,1757660
2013-03-05,36.65,36.92,35.79,36.0,2086968
2013-03-06,37.69,37.88,36.97,37.01,1149925
2013-03-07,38.23,38.65,36.88,37.73,1158354
2013-03-08,38.47,39.44,37.36,38.06,912052
2013-03-11,39.1,39.44,38.65,38.87,1579440
2013-03-12,39.12,39.38,38.85,38.9,1275062
2013-03-13,38.98,39.49,38.81,39.0,821986
2013-03-14,36.85,38.91,36.77,38.9,2024458
2013-03-15,35.29,36.65,35.21,36.64,3279777
2013-03-18,35.15,36.06,34.92,35.3,1316336
2013-03-19,35.08,35.6,34.94,35.25,1098475
2013-03-20,35.95,36.07,35.16,35.26,1423684
2013-03-21,36.01,37.06,35.74,35.95,1146287
2013-03-22,36.62,36.8,36.2,36.2,446235
2013-03-25,37.53,38.52,36.77,37.1,2379354
2013-03-26,37.86,38.22,37.66,37.98,1808137
2013-03-27,38.16,38.38,37.31,37.94,1296283
2013-03-28,37.89,38.24,37.75,38.23,1158652
2013-03-29,37.89,37.89,37.89,37.89,0
2013-04-01,43.93,46.68,41.7,42.24,14105873
2013-04-02,44.34,45.5,43.5101,43.6,6652374
2013-04-03,41.1,43.47,40.2105,43.1,5644995
2013-04-04,42.01,42.25,40.811,41.11,2264867
2013-04-05,41.37,42.0,40.5,41.5,1552389
2013-04-08,41.83,42.5499,41.51,41.97,1679001
2013-04-09,40.5,41.8299,40.33,41.8,1696036
2013-04-10,41.86,42.01,40.61,40.7,2121088
2013-04-11,43.59,44.55,41.75,42.06,3448081
2013-04-12,43.75,45.139,43.05,43.25,3149372
2013-04-15,43.3,43.8,42.51,43.5,1685984
2013-04-16,45.59,46.14,43.91,44.19,3180438
2013-04-17,45.45,45.95,44.54,45.5,2118428
2013-04-18,46.97,47.599,45.3901,45.98,3368700
2013-04-19,47.83,49.88,47.07,47.98,3012136
2013-04-22,50.19,50.2,47.75,48.6,3939327
2013-04-23,51.01,52.92,50.66,51.0,3737550
2013-04-24,50.43,51.05,48.98,50.9,2630108
2013-04-25,52.0,52.4,50.5,50.5,2796207
2013-04-26,51.2,53.74,50.62,53.13,3620350
2013-04-29,54.94,54.99,51.2,51.76,3642206
2013-04-30,53.99,58.18,53.76,56.0,5523948
2013-05-01,53.28,55.99,53.0,55.65,2742778
2013-05-02,54.11,55.27,53.7,53.85,3052333
2013-05-03,54.55,56.47,54.5,55.91,3379403
2013-05-06,59.5,59.66,55.5,56.39,4372799
2013-05-07,55.51,62.37,55.12,62.0,9994549
2013-05-08,55.7865,58.2,55.71,57.5,6769859
2013-05-09,69.4,75.77,63.69,70.0,28604970
2013-05-10,76.764,81.0,69.25,69.65,25086430
2013-05-13,87.8,88.0,79.151,80.62,22416815
2013-05-14,83.24,97.12,81.15,94.39,37163898
2013-05-15,84.842,86.88,78.11,81.23,16878700
2013-05-16,92.248,95.0,88.66,95.0,21614002
2013-05-17,91.5,94.4399,87.5,92.5,19008450
2013-05-20,89.94,92.5,88.63,91.12,8348331
2013-05-21,87.59,89.99,85.2801,88.55,9001763
2013-05-22,87.24,90.96,85.5,86.37,8573776
2013-05-23,92.73,93.01,83.05,85.0,12044257
2013-05-24,97.08,97.95,92.0,92.42,16124194
2013-05-27,97.08,97.08,97.08,97.08,0
2013-05-28,110.334,110.75,100.3,101.99,19691824
2013-05-29,104.629,114.9,99.0,113.9,25099480
2013-05-30,104.95,109.54,101.2,102.46,16140554
2013-05-31,97.76,106.44,97.73,105.87,15171929
2013-06-03,92.59,97.62,88.25,97.5,19143475
2013-06-04,94.84,96.42,92.4001,92.5,8856045
2013-06-05,95.37,97.9699,89.11,93.66,12224731
2013-06-06,97.35,99.27,95.11,95.38,9514406
2013-06-07,102.04,102.9,96.7,98.0,10717217
2013-06-10,100.05,102.52,98.57,99.32,9234215
2013-06-11,94.47,98.68,94.05,98.42,7396040
2013-06-12,97.73,100.48,95.75,96.8,9197523
2013-06-13,98.18,99.28,95.1201,99.0,5965124
2013-06-14,100.3,102.52,99.33,100.0,6567421
2013-06-17,102.2,104.75,101.2,103.6,7075640
2013-06-18,103.39,103.98,99.2,101.75,8803563
2013-06-19,104.68,106.67,102.01,102.06,8588734
2013-06-20,100.65,107.13,99.45,104.65,10111221
2013-06-21,99.55,103.7,97.5,103.66,11718527
2013-06-24,101.49,102.87,95.3,96.5,7127020
2013-06-25,102.4,104.2,100.55,103.1,5850832
2013-06-26,105.72,105.8699,102.66,103.78,6610159
2013-06-27,109.25,110.25,106.132,106.7,8750826
2013-06-28,107.36,109.44,106.71,108.59,5750431
2013-07-01,117.179,117.77,109.15,109.36,10903601
2013-07-02,117.82,121.89,115.5,118.01,12070315
2013-07-03,115.24,119.25,114.27,118.0,4806662
2013-07-04,115.24,115.24,115.24,115.24,0
2013-07-05,120.09,120.28,115.7,118.75,6827497
2013-07-08,121.61,122.1799,118.82,121.93,7820816
2013-07-09,123.45,125.32,121.91,124.62,8603207
2013-07-10,122.27,123.25,120.79,123.19,5600012
2013-07-11,125.61,126.09,122.35,124.84,7486958
2013-07-12,129.9,129.94,124.51,125.5,11349186
2013-07-15,127.26,133.259,126.82,132.99,9924336
2013-07-16,109.05,126.32,107.3,126.24,32371868
2013-07-17,120.25,121.62,104.5,106.21,26028947
2013-07-18,119.03,122.73,116.18,121.0,11407358
2013-07-19,119.68,120.55,116.51,118.5,5891439
2013-07-22,122.43,126.68,119.88,120.36,9804810
2013-07-23,122.74,125.56,121.82,124.02,7740469
2013-07-24,121.7,124.5,119.56,124.47,6871372
2013-07-25,124.07,124.75,120.19,120.4,5287144
2013-07-26,129.39,130.68,126.61,128.16,9627027
2013-07-29,134.62,135.37,128.25,129.32,9686072
2013-07-30,131.74,137.49,128.18,134.93,13130267
2013-07-31,134.28,134.975,131.45,132.57,6351637
2013-08-01,135.55,136.52,132.631,135.0,5323599
2013-08-02,138.0,138.25,133.61,135.0,6269838
2013-08-05,144.68,144.89,139.65,140.1,10200629
2013-08-06,142.15,145.73,141.1,144.91,9261092
2013-08-07,134.23,141.95,132.36,141.89,18212138
2013-08-08,153.48,158.88,150.46,154.49,27246763
2013-08-09,153.0,155.95,151.25,153.0,8936029
2013-08-12,147.38,150.5,142.05,149.43,14912175
2013-08-13,145.43,149.84,144.45,149.5,8748863
2013-08-14,139.36,144.8399,138.05,142.72,11679612
2013-08-15,139.67,143.5999,135.0,136.49,10188877
2013-08-16,142.0,143.907,140.97,142.0,7108086
2013-08-19,144.9,147.38,142.83,143.45,8037640
2013-08-20,149.58,149.78,147.0,148.79,6418108
2013-08-21,147.86,150.3091,146.25,150.0,6248698
2013-08-22,157.1,157.48,148.14,149.22,10592391
2013-08-23,161.839,162.3,155.0,157.0,12931842
2013-08-26,164.22,173.0,160.25,165.44,24171096
2013-08-27,167.01,168.8,160.9501,162.5,17566816
2013-08-28,166.45,171.5,163.25,169.25,14740006
2013-08-29,166.06,167.75,162.51,164.37,9445720
2013-08-30,169.0,169.21,163.96,166.37,11028358
2013-09-02,169.0,169.0,169.0,169.0,0
2013-09-03,168.94,173.7,166.4,173.4,12061100
2013-09-04,170.622,171.62,165.56,169.8,11475647
2013-09-05,169.93,171.5,168.25,170.28,6693202
2013-09-06,166.97,169.7,165.15,168.53,8600539
2013-09-09,160.7,164.5,158.51,163.12,14344473
2013-09-10,166.37,167.5,160.63,161.45,8967786
2013-09-11,163.52,167.895,162.13,166.36,5832476
2013-09-12,164.93,166.76,160.51,164.0,6159993
2013-09-13,165.54,166.37,162.16,162.57,5409888
2013-09-16,166.58,170.85,165.85,168.0,7592598
2013-09-17,166.23,168.42,163.361,165.57,5500719
2013-09-18,166.218,167.45,164.2,167.07,5439615
2013-09-19,177.92,180.47,169.08,170.75,15594568
2013-09-20,183.39,185.83,178.56,178.9,13401689
2013-09-23,181.11,185.48,177.11,184.48,8191841
2013-09-24,182.33,184.96,177.65,179.46,6282431
2013-09-25,185.238,186.3,180.5,183.4,8252621
2013-09-26,188.64,189.68,185.611,186.75,6621592
2013-09-27,190.9,191.28,186.43,187.52,5923881
2013-09-30,193.37,194.5,188.0,189.0,8934541
2013-10-01,193.0,194.23,188.37,194.0,7761429
2013-10-02,180.95,191.83,175.4,188.59,20775410
2013-10-03,173.31,179.69,168.0,175.0,23816504
2013-10-04,180.98,181.18,172.65,176.3,14413965
2013-10-07,183.07,186.73,180.26,182.46,11485579
2013-10-08,174.73,185.93,173.21,184.42,13757218
2013-10-09,168.78,174.99,161.5,174.66,15316481
2013-10-10,172.93,175.75,169.69,173.09,8883910
2013-10-11,178.7,179.288,171.2,172.29,8311085
2013-10-14,179.72,182.5,174.15,174.94,7769630
2013-10-15,183.94,188.789,183.18,185.28,10978536
2013-10-16,183.56,187.3,182.09,184.71,8205367
2013-10-17,182.802,184.8,180.99,183.54,6704968
2013-10-18,183.4,185.96,182.52,184.15,5930815
2013-10-21,172.6,183.39,171.0,183.28,11532131
2013-10-22,171.54,177.78,166.11,170.5,11394675
2013-10-23,164.5,171.81,160.15,168.91,13327739
2013-10-24,173.15,174.5,162.8255,165.0,10825667
2013-10-25,169.66,174.5,166.8,174.21,7595458
2013-10-28,162.86,170.5,162.2,170.18,7841727
2013-10-29,164.47,165.4458,153.0,162.76,14111737
2013-10-30,159.22,167.6799,158.17,164.63,8401756
2013-10-31,159.94,162.44,153.3,155.67,9340455
2013-11-01,162.17,165.9,160.41,163.0,7180583
2013-11-04,175.2,175.3899,164.22,165.0,13120374
2013-11-05,176.81,181.43,171.3601,179.85,22467101
2013-11-06,151.16,160.73,146.355,155.0,31071726
2013-11-07,139.772,145.65,137.62,144.08,22284744
2013-11-08,137.95,140.6,132.32,135.83,22477861
2013-11-11,144.698,145.42,137.1,141.0,13997591
2013-11-12,137.8,144.7,136.18,144.69,14985162
2013-11-13,138.7,142.37,136.3425,140.84,12658272
2013-11-14,137.6,140.4,134.111,138.92,12203700
2013-11-15,135.45,137.95,134.35,136.5,9900176
2013-11-18,121.58,135.45,119.61,135.27,23138242
2013-11-19,126.09,129.0,119.22,119.49,19816154
2013-11-20,121.11,127.45,119.06,126.41,13849554
2013-11-21,122.1,124.789,120.25,122.89,11903803
2013-11-22,121.38,122.75,117.93,121.58,11104146
2013-11-25,120.84,125.84,120.3,124.5,10275348
2013-11-26,120.5,122.72,116.1,119.38,13885522
2013-11-27,126.94,126.95,119.52,121.31,12367634
2013-11-28,126.94,126.94,126.94,126.94,0
2013-11-29,127.28,130.59,126.98,129.75,9716219
2013-12-02,124.17,128.55,123.931,126.35,7751211
2013-12-03,144.7,144.94,131.59,132.68,25682404
2013-12-04,138.95,144.43,137.13,144.32,13147688
2013-12-05,140.48,143.35,139.5,140.19,9288415
2013-12-06,137.36,142.49,136.3,141.51,7909596
2013-12-09,141.6,141.7,134.21,137.0,9061485
2013-12-10,142.19,145.87,139.86,139.91,10748234
2013-12-11,139.65,143.05,139.49,141.88,7137842
2013-12-12,147.47,148.24,138.53,139.7,10767791
2013-12-13,147.654,151.8,147.32,148.07,10599775
2013-12-16,147.94,150.43,146.1,148.5,6675276
2013-12-17,152.46,154.63,146.3235,146.9,10494969
2013-12-18,147.98,154.9,145.95,152.24,11581897
2013-12-19,140.72,147.0,139.1,146.9,12758613
2013-12-20,143.24,144.35,141.58,141.89,7422537
2013-12-23,143.55,146.24,142.601,144.85,5385506
2013-12-24,151.41,154.97,149.82,150.0,9941485
2013-12-25,151.41,151.41,151.41,151.41,0
2013-12-26,155.5,158.0,154.29,155.0,7129526
2013-12-27,151.12,155.4999,150.8,155.3,5469064
2013-12-30,152.44,154.81,150.75,151.12,4472076
2013-12-31,150.429,153.2,148.661,152.33,4266710
2014-01-01,150.429,150.429,150.429,150.429,0
2014-01-02,150.1,152.4769,146.55,149.8,6195355
2014-01-03,149.56,152.19,148.601,150.0,4698839
2014-01-06,147.0,150.4,145.24,150.0,5367320
2014-01-07,149.36,150.4,145.25,147.58,5041806
2014-01-08,151.28,153.7,148.76,148.85,6166674
2014-01-09,147.53,153.43,146.85,152.5,5388905
2014-01-10,145.7199,148.9,142.25,148.46,7450531
2014-01-13,139.34,147.0,137.82,145.63,6324647
2014-01-14,161.27,162.0,136.671,140.5,27935828
2014-01-15,164.13,172.23,162.1,168.28,20488981
2014-01-16,170.97,172.7,162.4,162.5,11982099
2014-01-17,170.01,173.2,167.95,170.19,9216028
2014-01-20,170.01,170.01,170.01,170.01,0
2014-01-21,176.68,177.29,170.81,171.24,9745765
2014-01-22,178.56,180.319,174.76,177.9,7036758
2014-01-23,181.5,182.38,173.42,177.23,7899515
2014-01-24,174.6,180.48,173.531,177.85,7711296
2014-01-27,169.62,177.92,164.71,175.0,8737773
2014-01-28,178.38,178.98,171.0,171.5,6128237
2014-01-29,175.23,179.09,173.131,175.3,5956817
2014-01-30,182.84,184.78,177.01,178.0,8575210
2014-01-31,181.41,186.0,178.5146,178.85,6512951
2014-02-03,177.11,184.8797,175.16,182.89,6778609
2014-02-04,178.73,181.6,176.2,180.01,4690883
2014-02-05,174.42,180.59,169.36,178.3,7275952
2014-02-06,178.38,180.11,176.0,176.36,5847953
2014-02-07,186.53,186.63,179.6,181.01,8964054
2014-02-10,196.56,199.3,189.32,189.34,12989286
2014-02-11,196.62,202.2,192.7,198.97,10681603
2014-02-12,195.32,198.269,194.32,195.78,5181313
2014-02-13,199.63,202.72,193.25,193.34,8174049
2014-02-14,198.23,201.88,197.0,198.0,6173462
2014-02-17,198.23,198.23,198.23,198.23,0
2014-02-18,203.7,206.0,201.3601,205.1,9355871
2014-02-19,193.64,203.7,193.41,203.7,16419899
2014-02-20,209.97,215.21,206.27,214.99,18022262
2014-02-21,209.6,213.98,209.19,211.19,7828981
2014-02-24,217.65,218.36,208.32,208.58,8303133
2014-02-25,248.0,259.2,228.45,230.0,32796999
2014-02-26,253.0,265.0,247.5,258.58,24771194
2014-02-27,252.54,261.9,248.33,261.47,17970707
2014-02-28,244.81,252.68,242.55,250.0,14612693
2014-03-03,250.56,251.65,234.99,236.79,13109303
2014-03-04,254.84,260.0,252.83,258.41,8765392
2014-03-05,252.66,256.99,251.8,256.72,5946736
2014-03-06,252.94,257.5,249.45,254.14,7374719
2014-03-07,246.21,254.85,244.41,252.94,7818465
2014-03-10,238.84,243.0,236.06,242.7,7745751
2014-03-11,234.41,244.6,232.4262,236.16,8836349
2014-03-12,241.49,247.5,231.11,231.13,9763911
2014-03-13,237.79,244.19,234.0,243.79,6236325
2014-03-14,230.97,236.9365,228.32,235.29,8289733
2014-03-17,233.98,237.93,230.5,235.0,5912592
2014-03-18,240.04,241.5,235.02,236.95,6242349
2014-03-19,235.84,241.55,233.51,241.39,5071327
2014-03-20,234.91,239.25,233.36,236.01,3817905
2014-03-21,228.89,236.2,227.5,236.0,8227311
2014-03-24,220.17,229.9,210.27,229.75,11332947
2014-03-25,220.44,227.05,217.9,224.14,7865375
2014-03-26,212.96,222.6,211.3501,221.56,6907306
2014-03-27,207.32,213.6,203.0,212.21,9505307
2014-03-28,212.37,216.72,210.27,212.8,9660563
2014-03-31,208.45,216.75,206.39,216.73,8380023
2014-04-01,216.97,218.16,208.58,209.02,7371422
2014-04-02,230.29,230.89,218.05,220.0,10782251
2014-04-03,225.4,235.73,222.0,230.3,10923734
2014-04-04,212.225,228.27,211.25,226.01,11345618
2014-04-07,207.52,216.2,203.51,205.81,9855478
2014-04-08,215.46,216.4899,206.42,210.0,6889296
2014-04-09,216.93,218.45,210.89,217.02,5157923
2014-04-10,204.19,217.5,203.7901,216.82,7211492
2014-04-11,203.78,207.0,198.6,200.75,9071300
2014-04-14,198.09,208.44,194.41,207.6,7703031
2014-04-15,193.91,199.29,184.32,199.09,13667071
2014-04-16,199.11,199.99,190.82,197.0,7205319
2014-04-17,198.12,202.29,194.08,199.61,5929506
2014-04-18,198.12,198.12,198.12,198.12,0
2014-04-21,204.38,206.2,194.0,197.08,5266490
2014-04-22,218.64,219.33,205.01,206.36,9809333
2014-04-23,207.99,216.74,207.0,216.33,7295609
2014-04-24,207.86,212.8,203.2,210.8,5504768
2014-04-25,199.85,206.7,197.65,202.0,6996658
2014-04-28,198.51,203.7899,190.5,199.99,7041983
2014-04-29,206.92,207.149,195.5301,198.21,5787369
2014-04-30,207.89,208.16,201.28,203.6,4443453
2014-05-01,207.73,214.02,205.69,207.08,5444670
2014-05-02,210.91,211.36,206.52,208.6,4091394
2014-05-05,216.61,217.69,208.52,209.45,5152343
2014-05-06,207.28,218.6596,206.85,216.58,5636725
2014-05-07,201.35,210.2,197.25,209.64,10179291
2014-05-08,178.59,194.4,178.0,182.25,20056591
2014-05-09,182.26,183.4,177.22,180.0,8495159
2014-05-12,184.67,187.19,179.88,183.87,7004330
2014-05-13,190.16,191.34,183.0,183.86,7097242
2014-05-14,190.62,193.48,187.1,188.95,5414945
2014-05-15,188.59,192.6599,185.3,189.98,6046139
2014-05-16,191.56,192.04,187.72,189.0,4489312
2014-05-19,196.09,196.89,190.0,190.72,4571660
2014-05-20,195.3,199.33,193.0701,196.94,5553877
2014-05-21,199.45,199.87,194.79,196.02,5290755
2014-05-22,204.88,206.88,199.5604,200.0,6216255
2014-05-23,207.3,207.76,202.5,204.53,4010931
2014-05-26,207.3,207.3,207.3,207.3,0
2014-05-27,211.56,213.87,207.7,208.52,5346788
2014-05-28,210.24,212.77,205.26,210.0,5496278
2014-05-29,210.24,212.49,207.72,210.57,3694596
2014-05-30,207.77,214.8,207.02,210.6,5574267
2014-06-02,204.7,209.35,201.67,207.33,4668115
2014-06-03,204.94,208.0,202.59,203.49,3866182
2014-06-04,203.99,206.26,200.396,204.35,3434502
2014-06-05,206.9,209.2,204.05,204.47,4059285
2014-06-06,208.171,210.81,207.18,209.75,3074900
2014-06-09,205.31,209.99,204.2,207.95,2813066
2014-06-10,202.3,206.97,201.55,204.47,3522336
2014-06-11,204.47,205.0,199.251,201.5,3980491
2014-06-12,203.52,209.88,202.71,205.1,5997144
2014-06-13,206.42,206.79,201.584,204.39,3546789
2014-06-16,224.61,225.49,206.26,206.31,13246352
2014-06-17,231.67,235.54,222.85,224.0,13304907
2014-06-18,227.12,231.71,226.12,231.41,6947053
2014-06-19,227.79,235.31,227.0,228.88,8801907
2014-06-20,229.59,231.29,226.2,228.32,4908077
2014-06-23,237.22,238.99,228.22,229.51,7800189
2014-06-24,232.5,241.88,231.6278,238.78,8081109
2014-06-25,236.891,237.55,230.24,233.09,5803257
2014-06-26,235.6,240.4,234.211,237.17,5122972
2014-06-27,239.06,240.0,234.5001,234.69,5638787
2014-06-30,240.06,244.49,239.0,239.55,4833602
2014-07-01,239.72,243.44,238.7,242.46,4341242
2014-07-02,229.425,242.33,227.07,240.66,8035072
2014-07-03,229.25,231.8984,224.0,231.44,5166716
2014-07-04,229.25,229.25,229.25,229.25,0
2014-07-07,222.66,229.78,220.4,227.41,5901080
2014-07-08,219.07,220.96,214.27,218.75,7846165
2014-07-09,223.06,224.22,219.21,221.3,4117728
2014-07-10,219.46,222.22,216.04,217.34,4865246
2014-07-11,218.13,221.6,217.6,220.4,3307113
2014-07-14,226.7,228.79,215.4502,219.99,7208573
2014-07-15,219.58,227.65,218.1,226.73,5732031
2014-07-16,217.16,224.8,216.82,222.08,4051097
2014-07-17,215.4,220.55,213.6,216.16,4650956
2014-07-18,220.0201,221.21,215.93,215.95,4260618
2014-07-21,220.54,223.21,216.72,217.2,3825251
2014-07-22,219.58,223.3,219.1113,222.19,2732485
2014-07-23,222.49,224.75,219.43,219.85,3088731
2014-07-24,223.54,225.1,220.8,223.25,3248410
2014-07-25,223.57,226.97,221.75,222.72,3090383
2014-07-28,224.82,232.0,221.402,224.25,6517611
2014-07-29,225.01,228.3,224.86,226.61,3387187
2014-07-30,228.92,229.6,221.04,222.0,4927823
2014-07-31,223.3,231.4,221.5,229.41,7749058
2014-08-01,233.27,237.5,226.0,226.25,11898133
2014-08-04,238.52,240.5,233.27,234.38,5967406
2014-08-05,238.49,242.99,235.69,237.47,5388581
2014-08-06,248.9301,251.42,238.58,238.91,9249265
2014-08-07,252.39,256.688,249.12,250.0,7478926
2014-08-08,248.13,251.76,246.5,251.16,5099061
2014-08-11,259.32,263.74,255.0,255.14,8101276
2014-08-12,259.96,260.3,254.5801,258.08,6390412
2014-08-13,260.31,265.64,259.61,262.0,6932628
2014-08-14,261.38,263.0,258.54,262.49,4126634
2014-08-15,262.01,262.09,258.5,261.91,3867874
2014-08-18,259.94,267.26,259.75,263.25,5849231
2014-08-19,256.76,259.33,251.62,258.87,5340136
2014-08-20,255.71,258.74,253.0,254.49,3027863
2014-08-21,254.34,258.8,253.26,256.52,2919241
2014-08-22,256.78,256.9499,252.61,254.98,2836959
2014-08-25,262.55,263.68,258.19,258.19,4318053
2014-08-26,261.74,265.5,261.66,264.83,3822572
2014-08-27,263.25,264.24,260.29,263.5,2990532
2014-08-28,263.86,264.48,261.64,261.93,2854737
2014-08-29,269.7,272.0,267.51,268.7,6453958
2014-09-01,269.7,269.7,269.7,269.7,0
2014-09-02,284.12,284.89,274.3,275.12,9852351
2014-09-03,281.19,288.0,280.1,287.62,6779735
2014-09-04,286.04,291.42,280.4,284.01,8341749
2014-09-05,277.39,282.9,272.51,282.65,11176167
2014-09-08,282.11,284.88,277.5227,277.62,5505040
2014-09-09,278.48,285.49,277.0,283.01,4567958
2014-09-10,281.1,281.41,273.66,279.5,3785988
2014-09-11,280.31,284.79,278.63,280.46,3768584
2014-09-12,279.2,282.39,277.0,280.5,3328302
2014-09-15,253.86,274.4,249.13,274.2,16464952
2014-09-16,260.74,262.46,252.42,255.15,8303972
2014-09-17,261.38,264.7,259.5,262.41,5179923
2014-09-18,263.82,265.6,262.32,263.37,3699314
2014-09-19,259.32,261.43,255.27,257.99,6811714
2014-09-22,250.03,256.02,244.71,255.0,8222963
2014-09-23,250.41,253.8,245.0,245.22,5660048
2014-09-24,252.14,252.84,247.04,251.12,3754376
2014-09-25,246.95,254.96,246.1,252.52,4843712
2014-09-26,246.6,249.73,246.07,248.25,3798841
2014-09-29,245.26,248.64,241.38,244.0,4854687
2014-09-30,242.68,247.65,240.1249,246.94,4248127
2014-10-01,240.24,242.66,235.65,242.2,5946510
2014-10-02,251.42,252.79,245.36,250.2,9002001
2014-10-03,255.21,256.5,251.033,253.06,5408665
2014-10-06,260.62,262.49,257.8,259.13,7719055
2014-10-07,259.57,261.46,255.73,258.43,4491569
2014-10-08,259.28,262.88,252.64,260.195,5062615
2014-10-09,257.01,265.54,254.4,262.2,7361316
2014-10-10,236.91,245.89,235.2,244.64,12898275
2014-10-13,224.59,238.9628,221.0,238.58,11276552
2014-10-14,227.06,232.47,223.0,228.25,7112339
2014-10-15,229.7,230.99,217.32,220.12,9151648
2014-10-16,226.35,229.92,219.1,219.6,5404565
2014-10-17,227.48,234.77,226.55,233.38,10551850
2014-10-20,230.47,232.4,225.51,226.72,3499686
2014-10-21,235.34,235.39,230.8,234.28,4130345
2014-10-22,231.1,237.39,230.56,233.19,4123396
2014-10-23,235.29,236.28,232.0,234.655,3499882
2014-10-24,235.24,237.8,231.2,236.34,3466927
2014-10-27,221.67,234.61,220.31,234.25,9553348
2014-10-28,242.77,244.6,228.25,229.6,10516297
2014-10-29,238.1,241.5,235.64,241.2,4967640
2014-10-30,238.66,240.5,235.06,238.02,3228371
2014-10-31,241.7,243.12,238.75,242.48,3775327
2014-11-03,242.59,247.56,241.32,243.05,4207268
2014-11-04,238.93,242.35,236.53,240.49,3682572
2014-11-05,230.97,241.36,230.53,241.36,9045925
2014-11-06,241.22,246.69,228.5,234.7,15354717
2014-11-07,240.2,242.8399,237.2,242.27,5161023
2014-11-10,241.93,242.88,236.8,239.16,4577208
2014-11-11,251.08,251.82,242.0,242.26,7952565
2014-11-12,249.1,252.34,245.58,249.61,5870818
2014-11-13,251.7,255.75,250.25,250.56,6236036
2014-11-14,258.68,258.85,248.5,250.0,6092542
2014-11-17,253.98,259.0,252.02,257.49,4025695
2014-11-18,257.7,259.99,255.51,255.86,4474294
2014-11-19,247.74,251.88,245.6,250.61,7918486
2014-11-20,248.71,250.93,246.0,247.95,3587220
2014-11-21,242.78,252.78,242.17,252.22,7485059
2014-11-24,246.72,247.6,240.64,245.1348,4789708
2014-11-25,248.09,249.72,246.0905,247.35,3159804
2014-11-26,248.44,249.0,246.6003,248.34,1981819
2014-11-27,248.44,248.44,248.44,248.44,0
2014-11-28,244.52,246.6899,242.52,245.35,2119688
2014-12-01,231.64,242.47,229.01,241.16,8619351
2014-12-02,231.43,234.88,228.0,234.57,5887046
2014-12-03,229.3,229.72,225.5,226.25,5307733
2014-12-04,228.28,230.9,227.81,228.73,3879208
2014-12-05,223.71,229.389,222.26,228.765,6063619
2014-12-08,214.36,224.86,212.34,221.54,9225619
2014-12-09,216.89,217.7294,204.27,209.34,9431502
2014-12-10,209.84,216.77,207.7,214.13,7314139
2014-12-11,208.88,215.43,208.23,210.53,6694398
2014-12-12,207.0,211.68,204.5,204.82,7173782
2014-12-15,204.04,209.8,202.67,209.29,5218252
2014-12-16,197.81,203.68,195.37,200.77,8426105
2014-12-17,205.82,206.65,192.65,193.06,7367834
2014-12-18,218.26,218.44,211.8,212.2,7483349
2014-12-19,219.29,220.4,214.5,220.19,6910461
2014-12-22,222.6,224.06,218.26,219.99,4806917
2014-12-23,220.97,224.315,219.5242,223.75,4513321
2014-12-24,222.26,222.5,219.25,219.77,1333518
2014-12-25,222.26,222.26,222.26,222.26,0
2014-12-26,227.82,228.5,221.5,221.51,3327016
2014-12-29,225.71,227.91,224.02,227.0,2811828
2014-12-30,222.23,225.654,221.4,223.99,2903242
2014-12-31,222.41,225.68,222.25,223.0,2402097
2015-01-01,222.41,222.41,222.41,222.41,0
2015-01-02,219.31,223.25,213.26,222.63,4764443
2015-01-05,210.09,216.5,207.1626,214.5,5368477
2015-01-06,211.28,214.2,204.21,210.06,6261936
2015-01-07,210.95,214.78,209.78,213.4,2968390
2015-01-08,210.615,213.7999,210.01,212.81,3442509
2015-01-09,206.66,209.98,204.96,208.8,4668295
2015-01-12,202.21,204.47,199.25,203.05,5950280
2015-01-13,204.25,207.61,200.911,203.32,4477320
2015-01-14,192.69,195.2,185.0,185.83,11551855
2015-01-15,191.87,195.7499,190.0,194.49,5216524
2015-01-16,193.07,194.49,189.65,190.68,3603158
2015-01-19,193.07,193.07,193.07,193.07,0
2015-01-20,191.93,194.1199,187.04,193.87,4503182
2015-01-21,196.57,198.68,189.51,189.55,4153043
2015-01-22,201.62,203.24,195.2,197.0,4116905
2015-01-23,201.29,203.5,198.33,200.29,3442371
2015-01-26,206.55,208.62,201.05,201.5,3234522
2015-01-27,205.98,208.03,203.3,204.41,2781024
2015-01-28,199.37,206.368,198.42,206.25,3149606
2015-01-29,205.2,205.98,196.5,201.11,3548106
2015-01-30,203.6,207.47,203.0,203.81,3006959
2015-02-02,210.94,211.9499,203.3,204.0,4149186
2015-02-03,218.36,220.37,211.27,213.22,4826244
2015-02-04,218.55,221.479,216.8,218.29,3305377
2015-02-05,220.99,225.48,219.638,219.89,3522947
2015-02-06,217.36,223.4,216.5001,222.0,3243931
2015-02-09,217.48,217.93,211.99,215.38,3472423
2015-02-10,216.29,220.5,215.0,217.55,5390542
2015-02-11,212.8,214.74,207.28,212.2,9769102
2015-02-12,202.88,203.0882,193.28,193.57,15649607
2015-02-13,203.77,205.99,200.91,202.89,6191003
2015-02-16,203.77,203.77,203.77,203.77,0
2015-02-17,204.35,205.7,201.5,202.7,3979647
2015-02-18,204.46,206.17,202.6,204.01,2713598
2015-02-19,211.705,212.44,203.75,205.0,5154148
2015-02-20,217.11,217.6,209.81,210.74,5982089
2015-02-23,207.335,218.2,206.33,214.99,8499775
2015-02-24,204.11,207.29,201.7,207.29,6603560
2015-02-25,203.76,207.14,202.58,204.94,3909520
2015-02-26,207.19,211.09,202.22,203.95,6472855
2015-02-27,203.34,208.55,202.8,207.0,3882084
2015-03-02,197.325,203.34,195.825,202.7,7922065
2015-03-03,199.56,200.2435,195.32,196.81,4432329
2015-03-04,202.435,202.52,197.21,199.01,4221962
2015-03-05,200.63,206.19,200.15,202.85,4877015
2015-03-06,193.88,200.75,192.151,199.21,6712438
2015-03-09,190.88,194.49,188.25,194.43,6736724
2015-03-10,190.32,193.5,187.6,188.4,5579691
2015-03-11,193.74,196.18,191.01,191.15,4974871
2015-03-12,191.07,194.45,189.75,193.75,4149294
2015-03-13,188.68,191.75,187.32,188.89,5434298
2015-03-16,195.7,195.91,189.8,192.01,5628783
2015-03-17,194.73,198.71,193.94,195.28,4894052
2015-03-18,200.71,200.88,193.11,194.95,4820936
2015-03-19,195.65,204.59,194.53,201.84,8475244
2015-03-20,198.08,198.99,195.621,197.45,4269467
2015-03-23,199.63,200.5,197.47,198.48,2631626
2015-03-24,201.72,203.79,199.75,201.58,3649860
2015-03-25,194.3,198.59,192.7,198.49,5730389
2015-03-26,190.405,194.79,189.7,193.91,4127956
2015-03-27,185.0,189.2899,181.4,189.07,8604947
2015-03-30,190.57,192.25,181.8,189.07,10089516
2015-03-31,188.77,193.76,188.41,193.53,5026569
2015-04-01,187.59,192.3,186.05,188.7,3794621
2015-04-02,191.0,193.23,190.0,190.23,5010368
2015-04-03,191.0,191.0,191.0,191.0,0
2015-04-06,203.1,207.75,197.5,198.0,12455811
2015-04-07,203.25,205.06,201.14,202.5,4347864
2015-04-08,207.67,210.9,205.87,208.2,6303117
2015-04-09,210.09,210.37,206.12,208.15,3800225
2015-04-10,210.9,211.65,209.0,209.85,4067675
2015-04-13,209.78,213.0,209.05,210.435,3758230
2015-04-14,207.46,209.49,205.5,208.57,3025963
2015-04-15,207.83,209.59,206.6,207.07,1952378
2015-04-16,206.7,209.17,206.29,207.61,1659059
2015-04-17,206.79,206.88,203.5,204.99,2469926
2015-04-20,205.27,207.85,203.85,206.78,2559251
2015-04-21,209.41,210.75,204.31,205.75,3432541
2015-04-22,219.44,221.88,211.69,212.5,7863037
2015-04-23,218.6,221.48,217.1501,218.17,4411184
2015-04-24,218.425,220.8,218.01,220.5,2427843
2015-04-27,231.55,238.75,222.0,222.63,11672627
2015-04-28,230.48,235.5,228.03,234.75,6085379
2015-04-29,232.45,234.97,227.63,230.05,3936077
2015-04-30,226.05,232.89,225.17,230.35,3911857
2015-05-01,226.03,231.77,220.405,229.74,5281689
2015-05-04,230.51,234.73,227.11,228.18,4434596
2015-05-05,232.95,239.5,229.13,237.76,5796873
2015-05-06,230.43,234.47,228.2,234.07,5270933
2015-05-07,236.8,237.48,220.25,221.0,9455909
2015-05-08,236.61,238.4099,233.7,235.96,4668236
2015-05-11,239.49,242.88,235.31,236.29,5672262
2015-05-12,244.74,246.35,238.19,240.1,6363429
2015-05-13,243.18,248.3,242.25,247.61,5440165
2015-05-14,244.1,244.89,241.25,244.82,2895936
2015-05-15,248.84,249.4,242.5,243.93,4527563
2015-05-18,248.75,249.9,246.0,246.86,3353212
2015-05-19,247.14,251.0,246.15,248.34,3674231
2015-05-20,244.35,247.74,241.3721,247.12,3755569
2015-05-21,245.62,246.62,242.3574,243.17,1970643
2015-05-22,247.73,248.6,245.01,245.38,2223089
2015-05-25,247.73,247.73,247.73,247.73,0
2015-05-26,247.455,252.0,246.5,247.68,3498682
2015-05-27,247.43,249.5,245.55,248.51,3408200
2015-05-28,251.45,251.8,245.05,247.0,3647283
2015-05-29,250.8,252.8677,249.43,250.85,3789283
2015-06-01,249.45,251.6,247.47,251.26,2505057
2015-06-02,248.35,249.4,246.3,248.79,2134809
2015-06-03,248.99,250.72,247.01,248.0,1781505
2015-06-04,245.92,249.3,245.71,247.5,2453615
2015-06-05,249.14,249.7,245.68,246.16,3022026
2015-06-08,256.29,258.75,250.31,250.77,5016997
2015-06-09,256.0,257.74,254.14,255.5,2611146
2015-06-10,250.7,254.0,248.5,251.9,3454453
2015-06-11,251.41,254.37,250.43,253.25,2044058
2015-06-12,250.69,253.46,250.21,250.21,1422335
2015-06-15,250.38,251.28,246.01,249.68,2186175
2015-06-16,253.12,253.44,249.095,250.13,1984678
2015-06-17,260.41,264.36,252.02,252.17,5512920
2015-06-18,261.89,263.46,260.02,261.83,2782703
2015-06-19,262.51,263.8,260.1,262.21,2463013
2015-06-22,259.79,264.4,255.69,262.15,4561079
2015-06-23,267.67,268.0,258.57,260.31,3870818
2015-06-24,265.17,267.35,263.72,267.0,2412293
2015-06-25,268.79,271.41,265.25,266.49,2849204
2015-06-26,267.09,269.11,266.0,269.11,3838434
2015-06-29,262.02,265.95,260.7,261.95,3478909
2015-06-30,268.26,270.92,264.0,264.8,3086935
2015-07-01,269.15,272.62,267.8503,271.15,2101224
2015-07-02,280.02,282.45,273.31,280.195,7163930
2015-07-03,280.02,280.02,280.02,280.02,0
2015-07-06,279.72,281.69,276.3,278.88,4121933
2015-07-07,267.88,275.2,260.77,275.0,6105126
2015-07-08,254.96,260.8,254.31,259.32,6221077
2015-07-09,257.92,262.95,256.79,259.08,3334077
2015-07-10,259.15,263.0,257.82,262.22,2610858
2015-07-13,262.16,262.55,256.05,262.25,2960319
2015-07-14,265.65,265.9899,260.51,262.1,1907641
2015-07-15,263.14,267.49,262.08,266.74,2021621
2015-07-16,266.68,267.2,263.16,264.22,1615961
2015-07-17,274.66,275.54,268.25,272.5,5004099
2015-07-20,282.26,286.65,272.54,275.0,4978454
2015-07-21,266.77,273.5,266.55,270.05,6108686
2015-07-22,267.87,269.44,260.86,261.27,3104960
2015-07-23,267.2,269.9,265.27,269.65,2227239
2015-07-24,265.41,271.09,263.92,267.38,2836498
2015-07-27,253.01,264.4321,250.79,262.43,4694192
2015-07-28,264.82,265.4,251.8373,255.75,3895808
2015-07-29,263.82,267.89,262.0,264.27,2790095
2015-07-30,266.79,266.94,262.11,262.69,2034560
2015-07-31,266.15,269.3599,265.123,267.6,2222552
2015-08-03,259.99,266.7099,257.07,266.29,2553474
2015-08-04,266.28,266.72,258.34,260.01,2352530
2015-08-05,270.13,271.0,260.4,263.58,6214319
2015-08-06,246.13,255.0,236.12,249.54,14623754
2015-08-07,242.51,243.73,238.39,243.58,5073390
2015-08-10,241.14,242.97,236.05,238.15,4185860
2015-08-11,237.37,239.3,234.44,237.15,4264939
2015-08-12,238.17,239.77,232.74,235.0,3739157
2015-08-13,242.51,246.48,239.12,239.86,4689182
2015-08-14,243.15,247.93,241.77,247.24,4364810
2015-08-17,254.99,256.59,250.51,255.56,7176690
2015-08-18,260.72,260.95,253.5601,255.38,4195035
2015-08-19,255.25,260.65,255.02,260.33,3604282
2015-08-20,242.18,254.56,241.9,252.06,4905757
2015-08-21,230.77,243.7999,230.51,236.0,6590234
2015-08-24,218.87,231.4,195.0,202.79,9581585
2015-08-25,220.03,230.9,219.12,230.52,4327294
2015-08-26,224.84,228.0,215.51,227.93,4963042
2015-08-27,242.99,244.75,230.81,231.0,7655959
2015-08-28,248.48,251.45,241.57,241.86,5513673
2015-08-31,249.06,254.95,245.51,245.62,4700232
2015-09-01,238.63,246.0,236.97,240.34,5454765
2015-09-02,247.69,247.88,239.78,245.3,4629174
2015-09-03,245.57,252.08,245.0,252.06,4194772
2015-09-04,241.93,244.09,238.2,240.89,3689153
2015-09-07,241.93,241.93,241.93,241.93,0
2015-09-08,248.17,249.16,244.05,245.05,3138231
2015-09-09,248.91,254.25,248.303,252.05,3390788
2015-09-10,248.48,250.7231,245.33,247.23,2709024
2015-09-11,250.24,250.24,244.73,247.64,2350844
2015-09-14,253.19,254.25,249.67,251.1,2890851
2015-09-15,253.57,254.6,249.5,252.75,2933466
2015-09-16,262.25,262.88,252.88,253.04,4417081
2015-09-17,262.07,265.5,260.69,263.96,3585812
2015-09-18,260.62,263.82,257.5,257.96,3763064
2015-09-21,264.2,271.57,255.8,263.98,6120155
2015-09-22,260.94,262.65,255.87,259.03,3664353
2015-09-23,261.06,262.08,257.5838,261.95,2600778
2015-09-24,263.12,263.45,256.21,259.53,3448191
2015-09-25,256.91,266.91,256.15,266.61,3773392
2015-09-28,248.43,259.79,246.61,257.35,4901057
2015-09-29,246.65,254.73,245.46,250.46,3703154
2015-09-30,248.4,252.4,242.34,252.0,4929582
2015-10-01,239.88,248.5,237.13,247.51,4572964
2015-10-02,247.57,247.7,234.93,235.6,4423982
2015-10-05,246.15,249.84,244.13,248.84,3689865
2015-10-06,241.46,243.03,235.58,240.0,5235897
2015-10-07,231.96,237.7,229.12,236.63,6813959
2015-10-08,226.72,230.72,221.31,230.08,6133216
2015-10-09,220.69,224.37,218.36,220.93,6158370
2015-10-12,215.58,223.0,215.27,222.99,3836303
2015-10-13,219.25,222.522,211.13,213.28,5171535
2015-10-14,216.88,220.95,215.43,220.67,3104446
2015-10-15,221.31,221.73,213.7,216.43,2844233
2015-10-16,227.01,230.4805,222.87,223.04,4334493
2015-10-19,228.1,231.15,224.94,226.5,2507895
2015-10-20,213.03,228.6,202.0,227.72,14900047
2015-10-21,210.09,214.81,208.8,211.99,4183471
2015-10-22,211.72,215.75,209.4,211.56,2825159
2015-10-23,209.09,215.35,207.69,215.0,4235462
2015-10-26,215.26,215.88,210.0,211.38,3391438
2015-10-27,210.35,217.1,207.51,214.84,3519449
2015-10-28,212.96,213.45,208.3,211.31,2728593
2015-10-29,211.63,213.7481,210.64,211.75,1805032
2015-10-30,206.93,211.63,203.89,210.4,4438901
2015-11-02,213.79,215.8,207.22,208.92,3927944
2015-11-03,208.35,214.44,207.75,213.85,8332485
2015-11-04,231.63,232.74,225.2,227.0,12726366
2015-11-05,231.77,234.5843,229.19,230.58,4496843
2015-11-06,232.36,233.359,229.5,230.7,2445293
2015-11-09,225.33,232.99,224.31,232.99,3850860
2015-11-10,216.5,223.7,216.08,223.48,4617007
2015-11-11,219.08,219.48,213.63,217.77,3347806
2015-11-12,212.94,219.0,212.66,217.85,2915900
2015-11-13,207.19,212.99,206.52,212.95,3430327
2015-11-16,214.31,214.98,205.8,206.09,2925395
2015-11-17,214.0,216.0,211.4,215.2,2148679
2015-11-18,221.07,221.38,212.52,214.5,2811900
2015-11-19,221.8,226.19,220.3,220.54,2504375
2015-11-20,220.01,225.0,213.58,223.49,4400722
2015-11-23,217.75,219.18,214.6798,217.35,2526199
2015-11-24,218.25,221.0,215.0,215.37,2480293
2015-11-25,229.64,230.825,220.375,221.34,3990779
2015-11-26,229.64,229.64,229.64,229.64,0
2015-11-27,231.61,232.25,227.01,231.06,1949353
2015-11-30,230.26,234.28,229.08,231.79,2659813
2015-12-01,237.19,238.0,231.05,231.06,3733955
2015-12-02,231.99,238.6,231.23,237.0,2981468
2015-12-03,232.71,237.45,230.0,235.48,2939564
2015-12-04,230.38,233.27,227.66,232.46,2573603
2015-12-07,231.13,235.63,226.15,227.7,3144223
2015-12-08,226.72,228.8,224.2,227.52,2687636
2015-12-09,224.52,227.5,220.72,226.7,3057753
2015-12-10,227.07,228.49,223.64,224.71,2071692
2015-12-11,217.02,225.75,216.64,225.24,3268726
2015-12-14,218.58,220.92,214.87,217.51,2831518
2015-12-15,221.09,222.22,218.0,221.82,2244424
2015-12-16,234.51,234.88,220.73,222.1,5104341
2015-12-17,233.39,237.76,229.8149,233.94,3298638
2015-12-18,230.46,235.9,229.29,232.89,3014170
2015-12-21,232.56,235.83,231.08,231.69,1953174
2015-12-22,229.95,236.55,229.63,234.99,1961495
2015-12-23,229.7,233.45,228.13,232.18,1554979
2015-12-24,230.57,231.88,228.28,230.56,710277
2015-12-25,230.57,230.57,230.57,230.57,0
2015-12-28,228.95,231.98,225.54,231.49,1901304
2015-12-29,237.19,237.72,229.547,230.06,2406290
2015-12-30,238.09,243.634,235.6707,236.6,3697921
2015-12-31,240.01,243.45,238.37,238.51,2715038
2016-01-01,240.01,240.01,240.01,240.01,0
2016-01-04,223.41,231.38,219.0,230.72,6827146
2016-01-05,223.43,226.89,220.0,226.36,3186752
2016-01-06,219.04,220.05,215.98,220.0,3779128
2016-01-07,215.65,218.44,213.67,214.19,3554251
2016-01-08,211.0,220.44,210.77,217.86,3628058
2016-01-11,207.85,214.45,203.0,214.01,4091421
2016-01-12,209.97,213.7395,205.31,211.6,3091917
2016-01-13,200.31,212.65,200.0,212.01,4126416
2016-01-14,206.18,210.0,193.38,202.21,6490741
2016-01-15,204.99,205.07,197.25,198.97,5578640
2016-01-18,204.99,204.99,204.99,204.99,0
2016-01-19,204.72,210.47,200.78,208.71,4038675
2016-01-20,198.7,201.28,191.25,199.4,5838608
2016-01-21,199.97,203.23,195.02,201.55,3166159
2016-01-22,202.55,205.5,199.03,204.8005,3124055
2016-01-25,196.38,203.57,195.88,200.06,2698739
2016-01-26,193.56,197.82,188.88,196.7,4964180
2016-01-27,188.07,193.26,185.77,192.38,3617221
2016-01-28,189.7,191.28,182.41,190.79,4592754
2016-01-29,191.2,193.74,188.08,189.95,2852289
2016-02-01,196.94,199.52,182.75,188.76,5297639
2016-02-02,182.78,193.12,180.23,192.42,5773637
2016-02-03,173.48,183.94,170.18,183.59,7931362
2016-02-04,175.33,175.98,166.99,170.7,4385366
2016-02-05,162.6,173.0,157.7442,171.3,9437591
2016-02-08,147.99,157.15,146.0,157.105,9312988
2016-02-09,148.25,159.79,141.05,142.32,8651648
2016-02-10,143.67,154.97,141.74,150.5,10406513
2016-02-11,150.47,163.26,147.0,152.0,14252364
2016-02-12,151.04,157.01,143.7,155.0,7235783
2016-02-15,151.04,151.04,151.04,151.04,0
2016-02-16,155.17,162.95,154.11,158.7,5593794
2016-02-17,168.68,169.34,156.68,159.0,5825159
2016-02-18,166.77,172.95,164.77,172.42,3887574
2016-02-19,166.58,167.49,162.5,163.66,2959390
2016-02-22,177.74,178.91,169.85,170.12,5060051
2016-02-23,177.21,181.73,173.68,176.16,5984374
2016-02-24,179.0,179.5,167.84,172.75,5395609
2016-02-25,187.43,188.5192,175.2,178.65,5750741
2016-02-26,190.34,192.0,185.0,188.7,6065117
2016-02-29,191.93,196.35,189.222,192.4,4498997
2016-03-01,186.35,195.9484,182.7,194.25,6712159
2016-03-02,188.34,188.52,181.5,183.73,4862396
2016-03-03,195.74,197.42,184.22,188.28,4829018
2016-03-04,201.04,204.03,197.5001,198.0,6489058
2016-03-07,205.29,209.7,197.4,197.68,5337072
2016-03-08,202.6,207.5,202.2,203.5,4178693
2016-03-09,208.72,209.3726,202.79,204.52,3208554
2016-03-10,205.18,213.29,200.671,210.0,5192523
2016-03-11,207.5,209.42,205.33,207.93,3343077
2016-03-14,215.15,216.72,210.64,212.65,4065705
2016-03-15,218.34,218.97,211.5,214.27,3180452
2016-03-16,221.93,222.58,217.02,218.0,3516703
2016-03-17,226.38,228.5,220.0,221.47,3782891
2016-03-18,232.74,234.48,228.06,229.1,4711793
2016-03-21,238.32,239.88,235.0,235.34,5307822
2016-03-22,234.24,238.99,232.558,237.21,4315988
2016-03-23,222.58,234.73,222.03,232.37,4948841
2016-03-24,227.75,228.8877,215.0,215.78,4960900
2016-03-25,227.75,227.75,227.75,227.75,0
2016-03-28,230.26,234.81,225.0,231.61,3925685
2016-03-29,230.13,232.38,225.33,229.89,4014330
2016-03-30,226.89,235.5,226.5,235.09,4032981
2016-03-31,229.77,237.42,225.01,229.34,8012872
2016-04-01,237.59,247.9,233.25,244.825,15997509
2016-04-04,246.99,252.12,243.64,249.12,13475327
2016-04-05,255.47,256.56,240.0,240.5,9948699
2016-04-06,265.42,267.74,253.45,253.97,11705479
2016-04-07,257.2,269.34,254.51,266.45,8856171
2016-04-08,250.07,260.82,248.0201,260.5,7363935
2016-04-11,249.92,258.99,245.3,251.0,9161693
2016-04-12,247.82,251.8,243.63,249.5,5763208
2016-04-13,254.53,255.5,247.33,248.51,4925595
2016-04-14,251.86,256.839,251.0501,253.0,4132185
2016-04-15,254.51,254.6,249.12,251.31,3752366
2016-04-18,253.88,258.31,251.66,252.23,4271362
2016-04-19,247.37,254.3699,241.251,253.12,6357526
2016-04-20,249.97,253.66,241.5,246.26,5194051
2016-04-21,248.29,250.9,246.91,248.99,2783059
2016-04-22,253.75,254.0,245.71,248.89,3786327
2016-04-25,251.82,257.38,250.76,253.01,3670348
2016-04-26,253.74,255.73,249.39,252.05,3223839
2016-04-27,251.47,255.0,249.4,252.75,3205808
2016-04-28,247.71,253.43,247.44,249.85,2518990
2016-04-29,240.76,248.43,237.81,248.14,5413787
2016-05-02,241.8,243.19,234.82,241.5,3843935
2016-05-03,232.32,238.91,231.62,237.36,4302222
2016-05-04,222.56,234.46,220.4,230.29,8700459
2016-05-05,211.53,228.64,209.79,228.46,11254827
2016-05-06,214.93,216.37,208.11,210.87,5685237
2016-05-09,208.92,216.15,206.8,215.72,4776383
2016-05-10,208.69,209.47,205.0,207.55,4070617
2016-05-11,208.96,215.48,206.05,207.59,5161864
2016-05-12,207.28,211.67,203.6572,211.44,3650475
2016-05-13,207.61,211.2,206.7,207.78,2822781
2016-05-16,208.29,213.15,207.92,208.15,2949396
2016-05-17,204.66,209.8199,204.02,209.05,2843597
2016-05-18,211.17,215.31,207.75,209.15,5617519
2016-05-19,215.21,216.79,207.3,213.62,6866321
2016-05-20,220.28,220.55,216.35,216.99,9007076
2016-05-23,216.22,222.6,215.86,219.87,5102479
2016-05-24,217.91,218.74,215.18,216.6,3013843
2016-05-25,219.58,221.36,216.51,217.91,3132615
2016-05-26,225.12,225.26,219.05,220.5,4072424
2016-05-27,223.04,225.93,220.75,224.99,3650272
2016-05-30,223.04,223.04,223.04,223.04,0
2016-05-31,223.23,224.7497,221.5001,223.04,2789002
2016-06-01,219.56,222.4,216.89,221.48,2982695
2016-06-02,218.96,219.909,217.11,219.59,2032832
2016-06-03,218.99,221.94,218.01,220.0,2228970
2016-06-06,220.68,220.9,215.45,218.0,2249508
2016-06-07,232.34,234.44,221.52,222.24,6213573
2016-06-08,235.52,240.845,232.605,233.8,5971995
2016-06-09,229.36,235.33,227.06,234.98,4492075
2016-06-10,218.79,227.97,218.4217,227.39,6026603
2016-06-13,217.87,225.77,217.66,219.5,4193022
2016-06-14,214.96,222.2,212.53,218.88,3580167
2016-06-15,217.7,221.9,215.13,216.95,2908522
2016-06-16,217.93,218.04,213.5,217.42,2440259
2016-06-17,215.47,219.99,214.5,217.81,3112620
2016-06-20,219.7,223.75,218.23,219.5,3555471
2016-06-21,219.61,222.569,218.81,220.68,4529005
2016-06-22,196.66,205.95,195.75,199.47,23742414
2016-06-23,196.4,197.55,192.13,195.69,10130748
2016-06-24,193.15,195.12,189.73,190.05,7026516
2016-06-27,198.55,198.81,187.87,190.86,7220323
2016-06-28,201.79,204.05,199.41,201.89,6212422
2016-06-29,210.19,211.78,203.0,205.13,5994908
2016-06-30,212.28,213.4999,209.02,212.97,4843111
2016-07-01,216.5,218.24,206.0,206.14,5399951
2016-07-04,216.5,216.5,216.5,216.5,0
2016-07-05,213.98,214.5441,208.0,209.73,5175345
2016-07-06,214.44,215.23,209.0,210.0,4919855
2016-07-07,215.94,218.12,213.01,213.1,3612022
2016-07-08,216.78,219.81,214.5,217.8,4074785
2016-07-11,224.78,226.78,219.51,219.96,5429823
2016-07-12,224.65,227.5,223.22,224.1,4576165
2016-07-13,222.53,225.59,220.29,225.5,3567062
2016-07-14,221.53,224.94,221.05,223.12,2675834
2016-07-15,220.4,222.7499,219.64,222.52,2234247
2016-07-18,226.25,227.09,218.3,219.64,3412055
2016-07-19,225.26,229.1,224.75,225.0,3115065
2016-07-20,228.36,229.8,225.0,226.47,2568498
2016-07-21,220.5,227.847,219.1,226.0,4428651
2016-07-22,222.27,224.5,218.88,221.99,2579692
2016-07-25,230.01,231.39,221.3715,222.27,4490683
2016-07-26,229.51,230.0,225.3,227.69,3430042
2016-07-27,228.49,233.36,226.92,229.34,2889007
2016-07-28,230.61,230.76,226.6,227.95,2419059
2016-07-29,234.79,235.28,230.24,230.7,3070813
2016-08-01,230.01,236.63,229.38,235.5,4016283
2016-08-02,227.2,229.87,221.4,229.37,3934432
2016-08-03,225.79,229.699,224.21,227.37,3887759
2016-08-04,230.61,230.86,222.05,225.69,4146997
2016-08-05,230.03,232.0,227.4,230.0,3205215
2016-08-08,226.16,229.6,226.09,228.0,2263584
2016-08-09,229.08,231.5375,226.65,226.82,2207833
2016-08-10,225.65,229.87,224.62,228.24,2338301
2016-08-11,224.91,227.57,223.41,226.17,1880936
2016-08-12,225.61,226.65,224.04,225.41,1813540
2016-08-15,225.59,229.5,224.93,226.02,2034328
2016-08-16,223.61,227.19,223.4101,225.49,2267147
2016-08-17,223.24,224.83,222.8,224.33,1787127
2016-08-18,223.51,225.66,222.29,223.82,1714467
2016-08-19,225.0,225.169,222.53,223.54,1659530
2016-08-22,222.93,225.11,222.68,224.17,2065493
2016-08-23,224.84,228.49,222.8,224.32,4784418
2016-08-24,222.62,227.15,222.22,227.05,2570693
2016-08-25,220.96,223.8,220.77,223.11,1762519
2016-08-26,219.99,222.855,218.82,222.14,2238992
2016-08-29,215.2,220.4,215.0,220.15,3266334
2016-08-30,211.34,216.11,210.52,216.11,3168862
2016-08-31,212.01,212.6,208.65,210.43,3276548
2016-09-01,200.77,211.0999,200.5,209.01,7943138
2016-09-02,197.78,203.2,196.2,202.33,5977413
2016-09-05,197.78,197.78,197.78,197.78,0
2016-09-06,202.83,203.25,199.0,199.02,4390572
2016-09-07,201.71,206.4968,200.71,205.5,3640923
2016-09-08,197.36,199.89,196.36,199.55,3377946
2016-09-09,194.47,199.92,193.7,199.09,3756992
2016-09-12,198.3,201.369,194.1,195.0,3715161
2016-09-13,196.05,198.49,193.45,197.06,3589379
2016-09-14,196.41,197.9248,194.8562,195.75,2259231
2016-09-15,200.42,202.5193,196.4,196.49,3085115
2016-09-16,205.4,205.7,199.0,200.42,3107808
2016-09-19,206.34,209.43,205.0,207.0,2299498
2016-09-20,204.64,207.75,203.91,206.85,2410488
2016-09-21,205.22,207.0,201.56,206.37,2633503
2016-09-22,206.43,207.28,203.0,206.4,2382902
2016-09-23,207.45,210.18,205.67,205.99,2905229
2016-09-26,208.99,211.0,206.5,206.5,2394358
2016-09-27,205.81,209.9818,204.6093,209.65,3373180
2016-09-28,206.27,208.25,205.26,207.51,2088374
2016-09-29,200.7,207.33,200.58,205.6,2727029
2016-09-30,204.03,204.98,199.55,202.21,2586273
2016-10-03,213.7,215.6688,208.25,212.3,5999892
2016-10-04,211.41,213.32,208.82,213.1,3541481
2016-10-05,208.46,213.15,208.12,212.24,1877534
2016-10-06,201.0,204.2099,200.21,202.46,4703402
2016-10-07,196.61,201.32,195.8,201.0,3493018
2016-10-10,200.95,204.14,199.66,201.35,3316297
2016-10-11,200.1,202.2,198.31,201.85,2328422
2016-10-12,201.51,203.88,200.42,200.95,1970689
2016-10-13,200.24,200.895,197.05,200.5,2495413
2016-10-14,196.51,201.43,196.3,200.66,4269850
2016-10-17,193.96,198.39,192.0,197.05,4554080
2016-10-18,199.1,199.47,193.26,195.99,5680475
2016-10-19,203.56,206.66,198.06,199.74,6991183
2016-10-20,199.1,203.0,197.05,202.12,5072877
2016-10-21,200.09,201.57,197.41,198.6,2943402
2016-10-24,202.76,203.9452,200.25,201.0,2751562
2016-10-25,202.34,204.69,201.2,202.9,2445014
2016-10-26,202.24,203.19,200.1,201.0,5632841
2016-10-27,204.01,213.7,201.65,211.34,13093744
2016-10-28,199.97,205.32,199.83,204.0,4280141
2016-10-31,197.73,202.49,195.81,202.49,4692273
2016-11-01,190.79,198.5,188.105,198.04,7060036
2016-11-02,188.02,192.6951,187.505,190.05,4253382
2016-11-03,187.42,191.47,187.0401,189.0,2653023
2016-11-04,190.56,193.46,185.96,189.0,5146043
2016-11-07,193.21,194.29,190.05,193.59,3870112
2016-11-08,194.94,197.49,191.26,193.79,3267580
2016-11-09,190.06,192.0,183.95,186.875,8173064
2016-11-10,185.35,191.61,180.42,191.05,6750341
2016-11-11,188.56,188.88,183.0,184.24,3988504
2016-11-14,181.45,188.25,178.19,188.0,6552205
2016-11-15,183.77,186.43,182.05,182.78,3902018
2016-11-16,183.93,184.73,181.21,182.65,3434437
2016-11-17,188.66,189.49,182.1101,183.49,4887067
2016-11-18,185.02,193.0,185.0,190.65,5210347
2016-11-21,184.52,188.89,184.41,185.04,4361043
2016-11-22,191.17,191.47,183.71,185.84,5603361
2016-11-23,193.14,195.644,189.0,190.61,4891893
2016-11-24,193.14,193.14,193.14,193.14,0
2016-11-25,196.65,197.2372,193.64,193.64,2366098
2016-11-28,196.12,199.35,194.55,195.48,4529182
2016-11-29,189.57,196.73,189.5,195.56,4439256
2016-11-30,189.4,191.89,187.5,191.0,3547104
2016-12-01,181.88,188.53,181.0,188.25,5126401
2016-12-02,181.47,184.88,180.0,182.88,4042324
2016-12-05,186.8,188.89,182.51,182.51,4072238
2016-12-06,185.85,186.58,182.6825,185.52,3391622
2016-12-07,193.15,193.4,185.0,186.15,5461851
2016-12-08,192.29,192.5,189.54,192.05,3194148
2016-12-09,192.18,193.836,190.81,190.87,2722505
2016-12-12,192.43,194.42,191.04,192.8,2438876
2016-12-13,198.15,201.28,193.0,193.18,6823884
2016-12-14,198.69,203.0,196.76,198.74,4150927
2016-12-15,197.58,200.74,197.39,198.41,3219567
2016-12-16,202.49,202.59,197.6,198.08,3796889
2016-12-19,202.73,204.45,199.84,202.49,3488071
2016-12-20,208.79,209.0,202.5,203.05,4689071
2016-12-21,207.7,212.23,207.41,208.45,5207622
2016-12-22,208.45,209.99,206.5,208.22,3111108
2016-12-23,213.34,213.45,207.71,208.0,4670464
2016-12-26,213.34,213.34,213.34,213.34,0
2016-12-27,219.53,222.25,214.42,214.88,5915732
2016-12-28,219.74,223.8,217.2,221.53,3782456
2016-12-29,214.68,219.2,214.1225,218.56,4044968
2016-12-30,213.69,217.5,211.68,216.3,4642620
2017-01-02,213.69,213.69,213.69,213.69,0
2017-01-03,216.99,220.33,210.96,214.86,5923254
2017-01-04,226.99,228.0,214.31,214.75,11213471
2017-01-05,226.75,227.48,221.95,226.42,5911695
2017-01-06,229.01,230.31,225.45,226.93,5527893
2017-01-09,231.28,231.92,228.0,228.97,3979484
2017-01-10,229.87,232.0,226.89,232.0,3659955
2017-01-11,229.73,229.98,226.68,229.07,3650825
2017-01-12,229.59,230.7,225.58,229.06,3790229
2017-01-13,237.75,237.85,229.59,230.0,6092960
2017-01-16,237.75,237.75,237.75,237.75,0
2017-01-17,235.58,239.96,234.37,236.7,4617522
2017-01-18,238.36,239.71,235.58,236.65,3768967
2017-01-19,243.76,248.68,240.75,247.25,7732303
2017-01-20,244.73,246.0,243.01,245.46,4204275
2017-01-23,248.92,250.8899,245.5,245.85,6262938
2017-01-24,254.61,254.8,249.65,250.0,4965451
2017-01-25,254.47,258.46,251.8,257.31,5146361
2017-01-26,252.51,255.74,250.75,254.29,3152123
2017-01-27,252.95,253.0,248.52,251.38,3166336
2017-01-30,250.63,255.2899,247.1,252.53,3801074
2017-01-31,251.93,255.89,247.7,249.24,4116104
2017-02-01,249.24,253.2,249.05,253.05,3958829
2017-02-02,251.55,252.42,247.71,248.34,2499775
2017-02-03,251.33,252.179,249.68,251.91,2186723
2017-02-06,257.77,257.82,250.63,251.0,3562517
2017-02-07,257.48,260.0,256.42,258.19,4244775
2017-02-08,262.08,263.36,256.2,257.35,3933014
2017-02-09,269.2,271.18,266.15,266.25,7820222
2017-02-10,269.23,270.95,266.11,269.79,3619739
2017-02-13,280.6,280.7899,270.51,270.74,7029605
2017-02-14,280.98,287.39,278.61,279.03,7345224
2017-02-15,279.76,282.24,276.44,280.0,4947856
2017-02-16,268.95,280.0,268.5,277.6,7077322
2017-02-17,272.23,272.89,264.15,265.8,6257149
2017-02-20,272.23,272.23,272.23,272.23,0
2017-02-21,277.39,281.4,274.01,275.45,5676747
2017-02-22,273.51,283.45,272.6,280.31,8754975
2017-02-23,255.99,264.66,255.56,264.0,14915249
2017-02-24,257.0,258.25,250.2,252.66,8171626
2017-02-27,246.23,248.36,242.01,248.17,11460810
2017-02-28,249.99,251.0,243.9,244.19,6078145
2017-03-01,250.02,254.85,249.11,254.18,4809488
2017-03-02,250.48,253.28,248.27,249.71,3351833
2017-03-03,251.57,251.9,249.0,250.74,2929234
2017-03-06,251.21,251.7,247.51,247.91,3355500
2017-03-07,248.59,253.89,248.32,251.92,3459470
2017-03-08,246.87,250.07,245.32,247.0,3728649
2017-03-09,244.9,248.66,243.0,247.63,3879293
2017-03-10,243.69,246.5,243.0,246.21,3066272
2017-03-13,246.17,246.85,242.781,244.39,3022625
2017-03-14,258.0,258.12,246.02,246.11,7598446
2017-03-15,255.73,261.0,254.27,257.0,5330806
2017-03-16,262.05,265.75,259.06,262.4,7132153
2017-03-17,261.5,265.33,261.2,264.0,6497496
2017-03-20,261.92,264.55,258.821,260.6,3614294
2017-03-21,250.68,264.8,250.24,262.83,6908554
2017-03-22,255.01,255.07,250.51,251.56,4059297
2017-03-23,254.78,257.672,253.3,255.39,3320245
2017-03-24,263.16,263.89,255.01,255.7,5647253
2017-03-27,270.22,270.57,259.75,260.6,6230795
2017-03-28,277.45,280.68,275.0,277.02,7987604
2017-03-29,277.38,279.6,275.54,278.34,3676157
2017-03-30,277.92,282.0,277.21,278.04,4148425
2017-03-31,278.3,279.68,276.3197,278.73,3294640
2017-04-03,298.52,299.0,284.58,286.9,13888618
2017-04-04,303.7,304.81,294.53,296.89,10134556
2017-04-05,295.0,304.88,294.2,302.04,7880938
2017-04-06,298.7,301.94,294.1,296.88,5520588
2017-04-07,302.54,302.69,297.15,297.5,4579613
2017-04-10,312.39,313.7299,308.71,309.15,7664458
2017-04-11,308.71,313.47,305.5,313.38,5724577
2017-04-12,296.84,308.4481,296.32,306.34,6050682
2017-04-13,304.0,307.39,295.3,296.7,9284634
2017-04-14,304.0,304.0,304.0,304.0,0
2017-04-17,301.44,304.0,298.68,302.7,4138735
2017-04-18,300.25,300.8399,297.9,299.7,3035698
2017-04-19,305.52,306.62,302.11,302.46,3898024
2017-04-20,302.51,309.15,300.23,306.51,6149352
2017-04-21,305.6,306.4,300.42,302.0,4509756
2017-04-24,308.03,310.55,306.0215,309.22,5083505
2017-04-25,313.79,313.98,305.86,308.0,6735659
2017-04-26,310.17,314.5,309.0,312.37,4695044
2017-04-27,308.63,313.09,307.5,311.69,3468569
2017-04-28,314.07,314.8,308.0,309.83,4505478
2017-05-01,322.83,327.25,314.81,314.88,8829565
2017-05-02,318.89,327.6599,316.5601,324.0,5382777
2017-05-03,311.02,321.53,310.45,317.67,7133365
2017-05-04,295.46,307.77,290.7601,307.435,14152008
2017-05-05,308.35,308.55,296.8,298.0,8177346
2017-05-08,307.19,313.79,305.82,310.9,7006471
2017-05-09,321.26,321.99,309.1,309.38,9676537
2017-05-10,325.22,325.5,318.12,321.56,5741607
2017-05-11,323.1,326.0,319.6,323.4,4753819
2017-05-12,324.81,327.0,321.53,325.48,4121612
2017-05-15,315.88,320.2,312.53,318.38,7622004
2017-05-16,317.01,320.06,315.14,317.59,4152484
2017-05-17,306.11,314.63,305.5,314.39,6711940
2017-05-18,313.06,313.94,305.31,307.0,5653801
2017-05-19,310.83,316.5,310.2,315.5,4687572
2017-05-22,310.35,314.37,306.8,312.8,4329178
2017-05-23,303.86,310.73,303.48,310.46,4318354
2017-05-24,310.22,311.0,305.4,306.51,5041692
2017-05-25,316.83,316.97,307.81,311.02,5013963
2017-05-26,325.14,325.49,316.31,317.28,7802199
2017-05-29,325.14,325.14,325.14,325.14,0
2017-05-30,335.1,336.28,325.76,326.0,7782916
2017-05-31,341.01,342.89,335.16,337.69,9963444
2017-06-01,340.37,344.88,337.29,344.0,7607996
2017-06-02,339.85,342.88,335.93,339.77,5590239
2017-06-05,347.32,348.44,334.21,338.5,6784368
2017-06-06,352.85,359.4929,339.97,344.7,11086798
2017-06-07,359.65,360.5,355.14,356.34,9397959
2017-06-08,370.0,371.9,360.22,363.75,9061496
2017-06-09,357.32,376.87,354.8,374.42,17261435
2017-06-12,359.01,364.5,350.62,357.99,10517660
2017-06-13,375.95,376.0,366.61,367.62,11807920
2017-06-14,380.66,384.25,376.31,381.085,12818429
2017-06-15,375.34,375.46,366.49,372.5,10426469
2017-06-16,371.4,378.01,370.1,377.975,6730973
2017-06-19,369.8,376.7,367.8,375.0,6549332
2017-06-20,372.24,378.88,369.73,376.67,7438701
2017-06-21,376.4,376.99,368.02,374.35,4923210
2017-06-22,382.61,385.0,373.57,377.99,7529778
2017-06-23,383.45,386.99,379.345,382.45,6445758
2017-06-26,377.49,386.95,373.1,386.69,6604099
2017-06-27,362.37,376.4,362.02,376.4,6996399
2017-06-28,371.24,371.74,362.52,366.68,6302463
2017-06-29,360.75,371.0,354.1,370.61,8221038
2017-06-30,361.61,366.7674,359.6187,363.71,5848521
2017-07-03,352.62,371.35,351.5,370.24,6305401
2017-07-04,352.62,352.62,352.62,352.62,0
2017-07-05,327.09,347.24,326.33,347.2,17046701
2017-07-06,308.83,320.7899,306.3,317.26,19324495
2017-07-07,313.22,317.0,307.38,313.5,14176915
2017-07-10,316.05,317.94,303.13,312.9,13820889
2017-07-11,327.22,327.28,314.3,316.0,11559402
2017-07-12,329.52,333.1,324.5,330.4,10346127
2017-07-13,323.41,331.6,319.97,330.11,8594466
2017-07-14,327.78,328.42,321.22,323.19,5625211
2017-07-17,319.57,327.1,313.45,325.54,9876912
2017-07-18,328.24,329.13,315.66,317.5,6373720
2017-07-19,325.26,331.65,323.2193,328.23,6357014
2017-07-20,329.92,330.22,324.2,326.9,5166188
2017-07-21,328.4,331.2575,325.8,329.46,4901606
2017-07-24,342.52,343.399,330.01,330.24,8637082
2017-07-25,339.6,345.6,334.15,345.0,6989197
2017-07-26,343.85,345.5,338.12,340.36,4820790
2017-07-27,334.46,347.5,326.29,346.0,8302405
2017-07-28,335.07,339.6,332.51,336.89,4880414
2017-07-31,323.47,341.49,321.04,335.5,8535136
2017-08-01,319.57,324.45,316.13,323.0,8303102
2017-08-02,325.89,327.12,311.22,318.94,13091462
2017-08-03,347.09,350.0,343.15,345.33,13535033
2017-08-04,356.91,357.27,343.3,347.0,9268909
2017-08-07,355.17,359.48,352.75,357.35,6324480
2017-08-08,365.22,368.58,357.4,357.53,7449837
2017-08-09,363.53,370.0,358.95,361.0,6892096
2017-08-10,355.4,366.6504,354.66,361.6,7092858
2017-08-11,357.87,361.26,353.62,356.97,4365783
2017-08-14,363.8,367.66,362.6,364.63,4519186
2017-08-15,362.33,365.49,359.37,365.2,3085088
2017-08-16,362.91,366.5,362.52,363.0,3413773
2017-08-17,351.92,363.3,351.59,361.21,5027660
2017-08-18,347.46,354.0,345.8,352.91,5408183
2017-08-21,337.86,345.82,331.85,345.82,6495424
2017-08-22,341.35,342.24,337.3725,341.13,4321966
2017-08-23,352.77,353.49,338.3041,338.99,4954504
2017-08-24,352.93,356.66,349.74,352.52,4584687
2017-08-25,348.05,355.69,347.3,354.24,3483956
2017-08-28,345.66,347.35,339.72,347.28,3763956
2017-08-29,347.36,349.05,338.75,339.48,4073674
2017-08-30,353.18,353.47,347.0,349.67,3412943
2017-08-31,355.9,358.44,352.82,353.55,4072795
2017-09-01,355.4,357.59,353.6902,356.12,3049546
2017-09-04,355.4,355.4,355.4,355.4,0
2017-09-05,349.59,355.49,345.89,353.8,3848382
2017-09-06,344.53,350.979,341.56,349.5,4091351
2017-09-07,350.61,352.48,343.45,345.98,4239213
2017-09-08,343.4,349.78,342.3,348.99,3263508
2017-09-11,363.69,363.71,350.0,351.35,7667055
2017-09-12,362.75,368.76,360.4,364.49,5972907
2017-09-13,366.23,368.07,359.59,363.82,4185231
2017-09-14,377.64,377.96,362.63,364.33,7202524
2017-09-15,379.81,380.0,372.7,374.51,5420496
2017-09-18,385.0,389.61,377.68,380.25,7187980
2017-09-19,375.1,382.39,373.57,380.0,6451886
2017-09-20,373.91,378.249,371.07,373.0,4919052
2017-09-21,366.48,376.83,364.51,374.9,4618190
2017-09-22,351.09,369.8999,350.88,366.49,8159418
2017-09-25,344.99,357.469,342.88,353.15,7605946
2017-09-26,345.25,351.24,340.9,350.93,7156274
2017-09-27,340.97,351.489,340.5,349.9,6060330
2017-09-28,339.6,342.75,335.4,339.88,5319617
2017-09-29,341.1,344.68,338.601,341.86,5107082
2017-10-02,341.53,343.7,335.51,342.52,5286774
2017-10-03,348.14,348.55,331.28,335.9,10153596
2017-10-04,355.01,358.62,349.6,351.25,8163543
2017-10-05,355.33,357.435,351.35,356.0,4171674
2017-10-06,356.88,360.0992,352.25,353.1,4297474
2017-10-09,342.94,351.75,342.67,349.65,7493654
2017-10-10,355.59,355.63,345.5305,346.8,6978495
2017-10-11,354.6,357.6,351.15,353.89,4500831
2017-10-12,355.68,359.78,352.64,352.95,4087048
2017-10-13,355.57,358.49,353.68,356.98,3540533
2017-10-16,350.6,354.48,347.16,353.76,5375486
2017-10-17,355.75,356.22,350.07,350.91,3293345
2017-10-18,359.65,363.0,354.13,355.97,4939074
2017-10-19,351.81,357.1465,348.2,355.56,5061843
2017-10-20,345.1,354.55,344.34,352.69,4930395
2017-10-23,337.02,349.95,336.25,349.88,5747346
2017-10-24,337.34,342.8,336.16,338.8,4491672
2017-10-25,325.84,337.5,323.56,336.7,8594073
2017-10-26,326.17,330.23,323.2,327.78,5023500
2017-10-27,320.87,324.59,316.66,319.75,6979704
2017-10-30,320.08,323.78,317.25,319.18,4254378
2017-10-31,331.53,331.95,320.18,320.23,5672347
2017-11-01,321.08,332.6089,320.26,332.25,8457336
2017-11-02,299.26,308.69,292.63,300.13,19791416
2017-11-03,306.09,306.25,295.13,299.5,8893974
2017-11-06,302.78,307.5,299.01,307.0,6486009
2017-11-07,306.05,306.5,300.03,301.02,5294274
2017-11-08,304.39,306.89,301.3001,305.5,4725271
2017-11-09,302.99,304.46,296.3,302.5,5447147
2017-11-10,302.99,308.36,301.85,302.5,4625429
2017-11-13,315.4,316.8,299.11,300.13,7584944
2017-11-14,308.7,316.35,306.9,315.0,5676076
2017-11-15,311.3,312.49,301.5,306.01,5978665
2017-11-16,312.5,318.14,311.3,313.99,5822073
2017-11-17,315.05,326.67,313.15,325.67,13735139
2017-11-20,308.74,315.5,304.75,313.79,8247650
2017-11-21,317.81,318.23,308.71,310.86,7261273
2017-11-22,312.6,317.42,311.84,316.77,4917636
2017-11-23,312.6,312.6,312.6,312.6,0
2017-11-24,315.55,316.41,311.0,313.79,3244065
2017-11-27,316.81,317.34,309.51,313.25,4555894
2017-11-28,317.55,320.0,313.92,316.36,4949491
2017-11-29,307.54,318.0,301.23,317.3,8767398
2017-11-30,308.85,310.7,304.54,308.56,4351587
2017-12-01,306.53,310.32,305.05,305.44,4292868
2017-12-04,305.2,308.265,300.61,306.5,5835140
2017-12-05,303.7,308.0,301.0,302.0,4646520
2017-12-06,313.26,313.39,300.0,300.1,7195341
2017-12-07,311.24,318.6341,311.05,312.0,4780597
2017-12-08,315.13,316.98,311.26,314.6,3468458
2017-12-11,328.91,329.01,313.75,314.63,7937981
2017-12-12,341.03,341.44,330.03,330.45,8733199
2017-12-13,339.03,344.22,336.5,340.93,6221461
2017-12-14,337.89,347.44,336.9,341.01,5799916
2017-12-15,343.45,343.9,335.76,342.04,6933199
2017-12-18,338.87,346.73,337.58,344.9,5476166
2017-12-19,331.1,341.4925,330.3,340.26,6824971
2017-12-20,328.98,333.1,325.04,332.69,5953800
2017-12-21,331.66,333.74,327.21,329.59,4385222
2017-12-22,325.2,330.9214,324.82,329.51,4215807
2017-12-25,325.2,325.2,325.2,325.2,0
2017-12-26,317.29,323.94,316.58,323.83,4378413
2017-12-27,311.64,317.68,310.75,316.0,4712111
2017-12-28,315.36,315.82,309.54,311.75,4316347
2017-12-29,311.35,316.41,310.0,316.18,3777155
2018-01-01,311.35,311.35,311.35,311.35,0
2018-01-02,320.53,322.1099,311.0,312.0,4352241
2018-01-03,317.25,325.25,315.55,321.0,4521527
2018-01-04,314.62,318.55,305.68,312.87,9946304
2018-01-05,316.58,317.24,312.0,316.62,4591180
2018-01-08,336.41,337.0199,315.5,316.0,9859435
2018-01-09,333.69,338.8,327.405,335.16,7146631
2018-01-10,334.8,337.0,330.0,332.2,4309926
2018-01-11,337.95,344.8099,333.26,335.24,6645484
2018-01-12,336.22,340.41,333.67,338.63,4825059
2018-01-15,336.22,336.22,336.22,336.22,0
2018-01-16,340.06,345.0,334.8,337.54,6474251
2018-01-17,347.16,349.0,339.75,340.47,7103505
2018-01-18,344.57,352.3,343.74,345.67,5685845
2018-01-19,350.02,350.5899,342.6,345.0,4888303
2018-01-22,351.56,357.83,349.2,349.4,6210360
2018-01-23,352.79,360.5,351.0,360.0,5465414
2018-01-24,345.89,354.75,343.52,354.58,5287478
2018-01-25,337.64,349.2,336.4,348.27,6740303
2018-01-26,342.85,344.0,335.71,341.5,4539356
2018-01-29,349.53,350.85,338.28,339.85,4747149
2018-01-30,345.82,348.27,342.17,345.14,4717700
2018-01-31,354.31,356.19,345.19,347.51,6214069
2018-02-01,349.25,359.66,348.63,351.0,4197687
2018-02-02,343.75,351.95,340.51,348.44,3704836
2018-02-05,333.13,344.47,333.0,337.97,4464147
2018-02-06,333.97,336.22,323.5,325.21,5088438
2018-02-07,345.0,346.0,335.66,338.99,6969239
2018-02-08,315.23,348.62,314.6,343.31,10314573
2018-02-09,310.42,320.9845,294.76,319.93,12933721
2018-02-12,315.73,318.08,306.25,316.13,6227822
2018-02-13,323.66,324.19,312.5105,315.02,4560231
2018-02-14,322.31,326.17,318.52,320.84,3950743
2018-02-15,334.065,334.12,322.4,324.5,5912917
2018-02-16,335.49,343.12,331.64,332.5,5642637
2018-02-19,335.49,335.49,335.49,335.49,0
2018-02-20,334.77,340.84,331.5,334.47,4009435
2018-02-21,333.3,339.6929,333.17,336.03,3219649
2018-02-22,346.17,347.44,334.7501,335.53,6969808
2018-02-23,352.05,354.99,347.1,347.83,5817387
2018-02-26,357.42,359.0,352.355,353.5,4339985
2018-02-27,350.99,359.99,350.01,356.25,4797419
2018-02-28,343.06,355.24,342.22,352.57,6069658
2018-03-01,330.93,348.67,330.07,345.01,6885601
2018-03-02,335.12,335.22,322.97,326.98,5092829
2018-03-05,333.35,337.75,329.2929,332.39,3823769
2018-03-06,328.2,336.37,327.03,333.75,4285744
2018-03-07,332.3,332.5,321.74,325.44,5007297
2018-03-08,329.1,333.3,326.274,332.86,3566244
2018-03-09,327.17,328.49,322.37,324.1,5506764
2018-03-12,345.51,347.21,326.5,328.61,8264035
2018-03-13,341.84,345.12,336.2635,344.92,5965805
2018-03-14,326.63,339.81,323.93,336.76,7967370
2018-03-15,325.6,332.85,321.1,329.38,6564801
2018-03-16,321.35,327.4,319.07,325.96,6117279
2018-03-19,313.56,320.75,309.67,316.5,7484294
2018-03-20,310.55,316.25,308.76,314.87,4764293
2018-03-21,316.53,322.44,310.19,310.25,5958411
2018-03-22,309.1,318.82,308.18,313.89,4939771
2018-03-23,301.54,311.61,300.45,311.25,6654899
2018-03-26,304.18,307.59,291.36,307.34,8375175
2018-03-27,279.18,304.27,277.18,304.0,13872029
2018-03-28,257.78,268.68,252.1,264.58,21001437
2018-03-29,266.13,270.9599,248.21,256.49,15170749
2018-03-30,266.13,266.13,266.13,266.13,0
2018-04-02,252.48,260.3318,244.5901,256.26,16113968
2018-04-03,267.53,273.35,254.49,269.82,18844384
2018-04-04,286.94,288.37,252.0,252.78,19896746
2018-04-05,305.72,306.26,288.2,289.34,19121101
2018-04-06,299.3,309.28,295.5,301.0,13520286
2018-04-09,289.66,309.5,289.21,300.37,10249805
2018-04-10,304.7,307.1,293.68,298.97,11024259
2018-04-11,300.93,308.98,299.66,300.7403,7482945
2018-04-12,294.08,303.95,293.68,302.32,7608769
2018-04-13,300.34,303.9499,295.98,303.6,7327223
2018-04-16,291.21,299.66,289.01,299.0,6338488
2018-04-17,287.69,292.17,282.51,288.87,7000023
2018-04-18,293.35,300.24,288.16,291.08,6557700
2018-04-19,300.08,301.01,288.55,291.08,6090599
2018-04-20,290.24,299.98,289.75,295.17,5627928
2018-04-23,283.37,291.62,282.33,291.29,4893378
2018-04-24,283.46,287.09,278.46,285.0,5685308
2018-04-25,280.69,285.16,277.25,283.5,4013574
2018-04-26,285.48,285.79,276.5,278.75,4356013
2018-04-27,294.075,294.47,283.83,285.37,4364626
2018-04-30,293.9,298.73,292.5,293.61,4228172
2018-05-01,299.92,300.82,293.22,293.51,4625603
2018-05-02,301.15,306.85,297.7844,298.57,8970370
2018-05-03,284.45,288.04,275.23,278.79,17352130
2018-05-04,294.09,296.86,279.52,283.0,8569354
2018-05-07,302.77,305.9588,295.17,297.5,8678224
2018-05-08,301.97,307.75,299.0,300.7953,5930000
2018-05-09,306.85,307.01,300.05,300.41,5727365
2018-05-10,305.02,312.99,304.1119,307.4997,5651561
2018-05-11,301.06,308.88,299.08,307.7,4679649
2018-05-14,291.97,304.94,291.62,303.32,7286804
2018-05-15,284.18,286.96,280.5,285.01,9519173
2018-05-16,286.48,288.81,281.56,283.83,5674019
2018-05-17,284.54,289.1873,283.97,285.9,4420612
2018-05-18,276.82,284.65,274.0,284.65,7251887
2018-05-21,284.49,291.49,281.3,281.33,9182571
2018-05-22,275.01,288.0,273.422,287.762,8945756
2018-05-23,279.07,279.9099,274.0,277.76,5985053
2018-05-24,277.85,281.11,274.89,278.4,4190598
2018-05-25,278.85,279.64,275.61,277.6252,3875082
2018-05-28,278.85,278.85,278.85,278.85,0
2018-05-29,283.76,286.5,276.15,278.51,5666640
2018-05-30,291.72,295.005,281.6,283.29,7428352
2018-05-31,284.73,290.37,282.93,287.21,5880796
2018-06-01,291.82,291.95,283.839,285.86,5424386
2018-06-04,296.74,299.0,293.548,294.34,4797810
2018-06-05,291.13,297.8,286.74,297.7,5995157
2018-06-06,319.5,322.17,297.48,300.5,18767269
2018-06-07,316.09,330.0,313.58,316.15,14345271
2018-06-08,317.66,324.48,317.15,319.0,8205202
2018-06-11,332.1,334.66,322.5,322.51,13183473
2018-06-12,342.77,354.97,338.0,344.7,22347403
2018-06-13,344.78,347.2,339.8,346.706,9469804
2018-06-14,357.72,358.75,346.6,347.63,10981023
2018-06-15,358.17,364.67,351.25,353.84,10848254
2018-06-18,370.83,373.73,354.5,355.4,12073226
2018-06-19,352.55,370.0,346.25,365.16,12697088
